energy_densityc2,pressurec2
1.659253e+08,3.820553e+04
1.697914e+08,3.940991e+04
1.737472e+08,4.066065e+04
1.777951e+08,4.194556e+04
1.819374e+08,4.327183e+04
1.861766e+08,4.463867e+04
1.905142e+08,4.604928e+04
1.949528e+08,4.749843e+04
1.994952e+08,4.900307e+04
2.041431e+08,5.054428e+04
2.088992e+08,5.213831e+04
2.137666e+08,5.378355e+04
2.187469e+08,5.547634e+04
2.238433e+08,5.722868e+04
2.290589e+08,5.902600e+04
2.343961e+08,6.088673e+04
2.398570e+08,6.280390e+04
2.454452e+08,6.478258e+04
2.511642e+08,6.681509e+04
2.570163e+08,6.891074e+04
2.630043e+08,7.108370e+04
2.691324e+08,7.331551e+04
2.754026e+08,7.562270e+04
2.818196e+08,7.799223e+04
2.883861e+08,8.043565e+04
2.951049e+08,8.296508e+04
3.019809e+08,8.556279e+04
3.090172e+08,8.825192e+04
3.162173e+08,9.101435e+04
3.235846e+08,9.386244e+04
3.311242e+08,9.681027e+04
3.388395e+08,9.983843e+04
3.467345e+08,1.029608e+05
3.548135e+08,1.061925e+05
3.630808e+08,1.095118e+05
3.715407e+08,1.129481e+05
3.801977e+08,1.164718e+05
3.890564e+08,1.201044e+05
3.981215e+08,1.238704e+05
4.073978e+08,1.277388e+05
4.168903e+08,1.317269e+05
4.266040e+08,1.358257e+05
4.365440e+08,1.400816e+05
4.467156e+08,1.444524e+05
4.571242e+08,1.489452e+05
4.677753e+08,1.536089e+05
4.786756e+08,1.583920e+05
4.898289e+08,1.633235e+05
5.012420e+08,1.684150e+05
5.129211e+08,1.736685e+05
5.248735e+08,1.790801e+05
5.371032e+08,1.846436e+05
5.496178e+08,1.903998e+05
5.624253e+08,1.963304e+05
5.755300e+08,2.024260e+05
5.889413e+08,2.087293e+05
6.026638e+08,2.152072e+05
6.167073e+08,2.219123e+05
6.310768e+08,2.287973e+05
6.457825e+08,2.359166e+05
6.608308e+08,2.432350e+05
6.762284e+08,2.507781e+05
6.919862e+08,2.585848e+05
7.081112e+08,2.666017e+05
7.246104e+08,2.748779e+05
7.414956e+08,2.834112e+05
7.587744e+08,2.921939e+05
7.764557e+08,3.012687e+05
7.945473e+08,3.106170e+05
8.130623e+08,3.202401e+05
8.320087e+08,3.301423e+05
8.513966e+08,3.403508e+05
8.712363e+08,3.508903e+05
8.915383e+08,3.617530e+05
9.123134e+08,3.729520e+05
9.335726e+08,3.844960e+05
9.553272e+08,3.964061e+05
9.775887e+08,4.086725e+05
1.000371e+09,4.213167e+05
1.023682e+09,4.343100e+05
1.047537e+09,4.477455e+05
1.071947e+09,4.615943e+05
1.096928e+09,4.758257e+05
1.122490e+09,4.905388e+05
1.148646e+09,5.056582e+05
1.175415e+09,5.212915e+05
1.202806e+09,5.373563e+05
1.230837e+09,5.539649e+05
1.259518e+09,5.710315e+05
1.288871e+09,5.886240e+05
1.318905e+09,6.068117e+05
1.349642e+09,6.255011e+05
1.381095e+09,6.447658e+05
1.413278e+09,6.646184e+05
1.446214e+09,6.850820e+05
1.479918e+09,7.062409e+05
1.514403e+09,7.279796e+05
1.549696e+09,7.503877e+05
1.585812e+09,7.733937e+05
1.622769e+09,7.971926e+05
1.660587e+09,8.217237e+05
1.699286e+09,8.470099e+05
1.738888e+09,8.730701e+05
1.779412e+09,8.998415e+05
1.820881e+09,9.275233e+05
1.863316e+09,9.560525e+05
1.906740e+09,9.853380e+05
1.951181e+09,1.015641e+06
1.996653e+09,1.046775e+06
2.043184e+09,1.078962e+06
2.090800e+09,1.112027e+06
2.139530e+09,1.146081e+06
2.189392e+09,1.181311e+06
2.240415e+09,1.217507e+06
2.292632e+09,1.254808e+06
2.346067e+09,1.293221e+06
2.400741e+09,1.332835e+06
2.456695e+09,1.373662e+06
2.513954e+09,1.415864e+06
2.572541e+09,1.459055e+06
2.632499e+09,1.503742e+06
2.693855e+09,1.549783e+06
2.756634e+09,1.597200e+06
2.820883e+09,1.646103e+06
2.886629e+09,1.696496e+06
2.953908e+09,1.748225e+06
3.022755e+09,1.801744e+06
3.093206e+09,1.856714e+06
3.165300e+09,1.913496e+06
3.239073e+09,1.971867e+06
3.314574e+09,2.031974e+06
3.391827e+09,2.094152e+06
3.470880e+09,2.157977e+06
3.551776e+09,2.223787e+06
3.634565e+09,2.291825e+06
3.719276e+09,2.361653e+06
3.805970e+09,2.433664e+06
3.894675e+09,2.507815e+06
3.985457e+09,2.584270e+06
4.078346e+09,2.662740e+06
4.173410e+09,2.744172e+06
4.270689e+09,2.827485e+06
4.370226e+09,2.913609e+06
4.472093e+09,3.002411e+06
4.576334e+09,3.093550e+06
4.683005e+09,3.187820e+06
4.792162e+09,3.284575e+06
4.903864e+09,3.384265e+06
5.018169e+09,3.487379e+06
5.135139e+09,3.593208e+06
5.254835e+09,3.702235e+06
5.377322e+09,3.815021e+06
5.502663e+09,3.930776e+06
5.630939e+09,4.050025e+06
5.762192e+09,4.173002e+06
5.896504e+09,4.299582e+06
6.033960e+09,4.430001e+06
6.174608e+09,4.563935e+06
6.318547e+09,4.702477e+06
6.465842e+09,4.845096e+06
6.616556e+09,4.991798e+06
6.770798e+09,5.142920e+06
6.928635e+09,5.298362e+06
7.090137e+09,5.459150e+06
7.255418e+09,5.624667e+06
7.424553e+09,5.794645e+06
7.597631e+09,5.969758e+06
7.774743e+09,6.150136e+06
7.955984e+09,6.335965e+06
8.141468e+09,6.527408e+06
8.331258e+09,6.724606e+06
8.525472e+09,6.927762e+06
8.724213e+09,7.137024e+06
8.927608e+09,7.352607e+06
9.135724e+09,7.573970e+06
9.348712e+09,7.802751e+06
9.566644e+09,8.038408e+06
9.789679e+09,8.280381e+06
1.001789e+10,8.530427e+06
1.025145e+10,8.787172e+06
1.049044e+10,9.051606e+06
1.073502e+10,9.323793e+06
1.098529e+10,9.604376e+06
1.124140e+10,9.893401e+06
1.150348e+10,1.019108e+07
1.177167e+10,1.049772e+07
1.204611e+10,1.081330e+07
1.232695e+10,1.113866e+07
1.261437e+10,1.147375e+07
1.290845e+10,1.181773e+07
1.320940e+10,1.217235e+07
1.351739e+10,1.253783e+07
1.383253e+10,1.291496e+07
1.415505e+10,1.330174e+07
1.448509e+10,1.370047e+07
1.482279e+10,1.411079e+07
1.516840e+10,1.453363e+07
1.552206e+10,1.496889e+07
1.588398e+10,1.541745e+07
1.625433e+10,1.587904e+07
1.663331e+10,1.635489e+07
1.702113e+10,1.684284e+07
1.741800e+10,1.734748e+07
1.782412e+10,1.786497e+07
1.823975e+10,1.840016e+07
1.866502e+10,1.894906e+07
1.910026e+10,1.951423e+07
1.954560e+10,2.009874e+07
2.000137e+10,2.069821e+07
2.046772e+10,2.131557e+07
2.094499e+10,2.195161e+07
2.143339e+10,2.260625e+07
2.193318e+10,2.327806e+07
2.244463e+10,2.397215e+07
2.296800e+10,2.468443e+07
2.350357e+10,2.542079e+07
2.405163e+10,2.617866e+07
2.461247e+10,2.695639e+07
2.518645e+10,2.775711e+07
2.577375e+10,2.858162e+07
2.637475e+10,2.943048e+07
2.698982e+10,3.030455e+07
2.761924e+10,3.120459e+07
2.826327e+10,3.213122e+07
2.892238e+10,3.308535e+07
2.959687e+10,3.406424e+07
3.028708e+10,3.507131e+07
3.099339e+10,3.611260e+07
3.171617e+10,3.718072e+07
3.245581e+10,3.828447e+07
3.321269e+10,3.941701e+07
3.398723e+10,4.058198e+07
3.477991e+10,4.178192e+07
3.559099e+10,4.301774e+07
3.642107e+10,4.428970e+07
3.727043e+10,4.559368e+07
3.813968e+10,4.694161e+07
3.902920e+10,4.832345e+07
3.993938e+10,4.975208e+07
4.087088e+10,5.121621e+07
4.182410e+10,5.272481e+07
4.279955e+10,5.427641e+07
4.379775e+10,5.587465e+07
4.481933e+10,5.751871e+07
4.586464e+10,5.921113e+07
4.693434e+10,6.095441e+07
4.802907e+10,6.274077e+07
4.914925e+10,6.458628e+07
5.029566e+10,6.648402e+07
5.146879e+10,6.843574e+07
5.266872e+10,7.013293e+07
5.389722e+10,7.218479e+07
5.515438e+10,7.429667e+07
5.644086e+10,7.647000e+07
5.775734e+10,7.870656e+07
5.910453e+10,8.100001e+07
6.048314e+10,8.336869e+07
6.189405e+10,8.579760e+07
6.333772e+10,8.830619e+07
6.481522e+10,9.087774e+07
6.632704e+10,9.352461e+07
6.787426e+10,9.625829e+07
6.945743e+10,9.904838e+07
7.107767e+10,1.019319e+08
7.273571e+10,1.048993e+08
7.443245e+10,1.079507e+08
7.616875e+10,1.110802e+08
7.794555e+10,1.143130e+08
7.976398e+10,1.176243e+08
8.162466e+10,1.210332e+08
8.352873e+10,1.245381e+08
8.547742e+10,1.281445e+08
8.747136e+10,1.318571e+08
8.951203e+10,1.356743e+08
9.160030e+10,1.396043e+08
9.373729e+10,1.436288e+08
9.592392e+10,1.477854e+08
9.816200e+10,1.520450e+08
1.004520e+11,1.564266e+08
1.027955e+11,1.609338e+08
1.051937e+11,1.655702e+08
1.076478e+11,1.703432e+08
1.101595e+11,1.752490e+08
1.127297e+11,1.802725e+08
1.153596e+11,1.854635e+08
1.180511e+11,1.907924e+08
1.208055e+11,1.962743e+08
1.236241e+11,2.019004e+08
1.265084e+11,2.076842e+08
1.294601e+11,2.136364e+08
1.324806e+11,2.197574e+08
1.355716e+11,2.260496e+08
1.387347e+11,2.324986e+08
1.419720e+11,2.391537e+08
1.452844e+11,2.459743e+08
1.486745e+11,2.529840e+08
1.521436e+11,2.602264e+08
1.556938e+11,2.676387e+08
1.593267e+11,2.752464e+08
1.630444e+11,2.830679e+08
1.668489e+11,2.911282e+08
1.707422e+11,2.994207e+08
1.747263e+11,3.079074e+08
1.788037e+11,3.166333e+08
1.829759e+11,3.256423e+08
1.872459e+11,3.348222e+08
1.916151e+11,3.443048e+08
1.960866e+11,3.540544e+08
2.006626e+11,3.640784e+08
2.053453e+11,3.743848e+08
2.101368e+11,3.849268e+08
2.150411e+11,3.957729e+08
2.200593e+11,4.069138e+08
2.251947e+11,4.184216e+08
2.304504e+11,4.301944e+08
2.358282e+11,4.423042e+08
2.413321e+11,4.546909e+08
2.469639e+11,4.674760e+08
2.527276e+11,4.805614e+08
2.586259e+11,4.940782e+08
2.646618e+11,5.078994e+08
2.708386e+11,5.221050e+08
2.771596e+11,5.367054e+08
2.836281e+11,5.517093e+08
2.902476e+11,5.671301e+08
2.970221e+11,5.828974e+08
3.039542e+11,5.991795e+08
3.110487e+11,6.158406e+08
3.183088e+11,6.329456e+08
3.257376e+11,6.505342e+08
3.333406e+11,6.685971e+08
3.411210e+11,6.871642e+08
3.490830e+11,7.062316e+08
3.572309e+11,7.257451e+08
3.655697e+11,7.458733e+08
3.741023e+11,7.664552e+08
3.828342e+11,7.876017e+08
3.917707e+11,8.093208e+08
4.009148e+11,8.316354e+08
4.102733e+11,8.545576e+08
4.198504e+11,8.600659e+08
4.296510e+11,8.705357e+08
4.396793e+11,8.803049e+08
4.499427e+11,8.903363e+08
4.604447e+11,8.996043e+08
4.711918e+11,9.089612e+08
4.821887e+11,9.184433e+08
4.934433e+11,9.280204e+08
5.049596e+11,9.377633e+08
5.167445e+11,9.473421e+08
5.288035e+11,9.568924e+08
5.411437e+11,9.671551e+08
5.537732e+11,9.767424e+08
5.666949e+11,9.874260e+08
5.799195e+11,9.974201e+08
5.934512e+11,1.008573e+09
6.072988e+11,1.019064e+09
6.214695e+11,1.030658e+09
6.359708e+11,1.041657e+09
6.508106e+11,1.053828e+09
6.659952e+11,1.065392e+09
6.815340e+11,1.078157e+09
6.974354e+11,1.090319e+09
7.137061e+11,1.103746e+09
7.303582e+11,1.117447e+09
7.473971e+11,1.130627e+09
7.648335e+11,1.145094e+09
7.826765e+11,1.159889e+09
8.009360e+11,1.174168e+09
8.196197e+11,1.189850e+09
8.387411e+11,1.205917e+09
8.583065e+11,1.222384e+09
8.783283e+11,1.239335e+09
8.988175e+11,1.256506e+09
9.197843e+11,1.274345e+09
9.412403e+11,1.292819e+09
9.631947e+11,1.312090e+09
9.856633e+11,1.331554e+09
1.008654e+12,1.351711e+09
1.032181e+12,1.372336e+09
1.056257e+12,1.393649e+09
1.080894e+12,1.416474e+09
1.106105e+12,1.439073e+09
1.131905e+12,1.463270e+09
1.158307e+12,1.487315e+09
1.185322e+12,1.512989e+09
1.212970e+12,1.538498e+09
1.241259e+12,1.565710e+09
1.270212e+12,1.593767e+09
1.299836e+12,1.622667e+09
1.330152e+12,1.651925e+09
1.361175e+12,1.682213e+09
1.392921e+12,1.714224e+09
1.425408e+12,1.747479e+09
1.458653e+12,1.781162e+09
1.492672e+12,1.815893e+09
1.527486e+12,1.851698e+09
1.563111e+12,1.889579e+09
1.599567e+12,1.927743e+09
1.636870e+12,1.968034e+09
1.675046e+12,2.008613e+09
1.714112e+12,2.051504e+09
1.754086e+12,2.095745e+09
1.794996e+12,2.141362e+09
1.836857e+12,2.188490e+09
1.879697e+12,2.237100e+09
1.923537e+12,2.287250e+09
1.968395e+12,2.338986e+09
2.014303e+12,2.393281e+09
2.061278e+12,2.448577e+09
2.109348e+12,2.505547e+09
2.158543e+12,2.565317e+09
2.208882e+12,2.627057e+09
2.260399e+12,2.689904e+09
2.313113e+12,2.755464e+09
2.367061e+12,2.823378e+09
2.422262e+12,2.893437e+09
2.478756e+12,2.966575e+09
2.536567e+12,3.041508e+09
2.595721e+12,3.118691e+09
2.656260e+12,3.199322e+09
2.718206e+12,3.281705e+09
2.781601e+12,3.367614e+09
2.846476e+12,3.456472e+09
2.912857e+12,3.547922e+09
2.980794e+12,3.642336e+09
3.050314e+12,3.740560e+09
3.121455e+12,3.841535e+09
3.194256e+12,3.945754e+09
3.268755e+12,4.054564e+09
3.344991e+12,4.165807e+09
3.423006e+12,4.281587e+09
3.502839e+12,4.401301e+09
3.584536e+12,4.523923e+09
3.668137e+12,4.651557e+09
3.753696e+12,4.784282e+09
3.841242e+12,4.920427e+09
3.930830e+12,5.060980e+09
4.022517e+12,5.207172e+09
4.116333e+12,5.357139e+09
4.212347e+12,5.513024e+09
4.310600e+12,5.673966e+09
4.411134e+12,5.840199e+09
4.514024e+12,6.011854e+09
4.619314e+12,6.189127e+09
4.727060e+12,6.373166e+09
4.837318e+12,6.562217e+09
4.950148e+12,6.758447e+09
5.065622e+12,6.961066e+09
5.183777e+12,7.169255e+09
5.304701e+12,7.385196e+09
5.428433e+12,7.609211e+09
5.555063e+12,7.839470e+09
5.684635e+12,8.077301e+09
5.817242e+12,8.323771e+09
5.952941e+12,8.578178e+09
6.091808e+12,8.839621e+09
6.233912e+12,9.111193e+09
6.379347e+12,9.392057e+09
6.528159e+12,9.681112e+09
6.680457e+12,9.979545e+09
6.836294e+12,1.028845e+10
6.867907e+12,1.035140e+10
6.899651e+12,1.041478e+10
6.931541e+12,1.047860e+10
6.963595e+12,1.054230e+10
6.995781e+12,1.060700e+10
7.028117e+12,1.067148e+10
7.060616e+12,1.073682e+10
7.093251e+12,1.080271e+10
7.126037e+12,1.086895e+10
7.158989e+12,1.093560e+10
7.192078e+12,1.100271e+10
7.225337e+12,1.107028e+10
7.258733e+12,1.113821e+10
7.292283e+12,1.120651e+10
7.326005e+12,1.127533e+10
7.359866e+12,1.134462e+10
7.393900e+12,1.141429e+10
7.428075e+12,1.148444e+10
7.462408e+12,1.155496e+10
7.496917e+12,1.162607e+10
7.531568e+12,1.169757e+10
7.566397e+12,1.177013e+10
7.601369e+12,1.184273e+10
7.636520e+12,1.191550e+10
7.671816e+12,1.198894e+10
7.707294e+12,1.206262e+10
7.742917e+12,1.213695e+10
7.778705e+12,1.221154e+10
7.814676e+12,1.228681e+10
7.850796e+12,1.236237e+10
7.887099e+12,1.243856e+10
7.923555e+12,1.251527e+10
7.960195e+12,1.259230e+10
7.996987e+12,1.267080e+10
8.033968e+12,1.274888e+10
8.071101e+12,1.282740e+10
8.108425e+12,1.290651e+10
8.145902e+12,1.298612e+10
8.183572e+12,1.306620e+10
8.221397e+12,1.314679e+10
8.259415e+12,1.322869e+10
8.297591e+12,1.331027e+10
8.335961e+12,1.339248e+10
8.374508e+12,1.347521e+10
8.413215e+12,1.355831e+10
8.452121e+12,1.364193e+10
8.491187e+12,1.372703e+10
8.530453e+12,1.381175e+10
8.569881e+12,1.389712e+10
8.609511e+12,1.398289e+10
8.649325e+12,1.406889e+10
8.689302e+12,1.415715e+10
8.729483e+12,1.424446e+10
8.769833e+12,1.433257e+10
8.810385e+12,1.442109e+10
8.851128e+12,1.451105e+10
8.892038e+12,1.460074e+10
8.933158e+12,1.469105e+10
8.974447e+12,1.478191e+10
9.015948e+12,1.487413e+10
9.057639e+12,1.496613e+10
9.099506e+12,1.505869e+10
9.141583e+12,1.515264e+10
9.183857e+12,1.524636e+10
9.226305e+12,1.534066e+10
9.268971e+12,1.543521e+10
9.311831e+12,1.553184e+10
9.354873e+12,1.562796e+10
9.398131e+12,1.572477e+10
9.441591e+12,1.582287e+10
9.485231e+12,1.592073e+10
9.529094e+12,1.601942e+10
9.573160e+12,1.611935e+10
9.617407e+12,1.621905e+10
9.661879e+12,1.632073e+10
9.706559e+12,1.642131e+10
9.751446e+12,1.652310e+10
9.796517e+12,1.662617e+10
9.841820e+12,1.672923e+10
9.887329e+12,1.683270e+10
9.933052e+12,1.693787e+10
9.978963e+12,1.704277e+10
1.002511e+13,1.714909e+10
1.007147e+13,1.725539e+10
1.011804e+13,1.736273e+10
1.016481e+13,1.747058e+10
1.021181e+13,1.757886e+10
1.025903e+13,1.768861e+10
1.030648e+13,1.779825e+10
1.035413e+13,1.790919e+10
1.040199e+13,1.802021e+10
1.045009e+13,1.813270e+10
1.049842e+13,1.824510e+10
1.054697e+13,1.835859e+10
1.059574e+13,1.847279e+10
1.064471e+13,1.858868e+10
1.069394e+13,1.870324e+10
1.074339e+13,1.882016e+10
1.079307e+13,1.893657e+10
1.084298e+13,1.905412e+10
1.089312e+13,1.917290e+10
1.094349e+13,1.929250e+10
1.099408e+13,1.941201e+10
1.104491e+13,1.953318e+10
1.109599e+13,1.965434e+10
1.114730e+13,1.977686e+10
1.119885e+13,1.989953e+10
1.125063e+13,2.002359e+10
1.130266e+13,2.014788e+10
1.135493e+13,2.027348e+10
1.140743e+13,2.039986e+10
1.146019e+13,2.052630e+10
1.151316e+13,2.065426e+10
1.156640e+13,2.078247e+10
1.161988e+13,2.091202e+10
1.167362e+13,2.104238e+10
1.172760e+13,2.117291e+10
1.178183e+13,2.130490e+10
1.183631e+13,2.143705e+10
1.189105e+13,2.157068e+10
1.194604e+13,2.170505e+10
1.200128e+13,2.183969e+10
1.205677e+13,2.197582e+10
1.211253e+13,2.211282e+10
1.216854e+13,2.224999e+10
1.222481e+13,2.238859e+10
1.228134e+13,2.252795e+10
1.233813e+13,2.266779e+10
1.239519e+13,2.280910e+10
1.245251e+13,2.295109e+10
1.251009e+13,2.309284e+10
1.256794e+13,2.323731e+10
1.262606e+13,2.338205e+10
1.268445e+13,2.352750e+10
1.274310e+13,2.367344e+10
1.280203e+13,2.382092e+10
1.286126e+13,2.396920e+10
1.292073e+13,2.411809e+10
1.298048e+13,2.426801e+10
1.304051e+13,2.441908e+10
1.310081e+13,2.457108e+10
1.316139e+13,2.472382e+10
1.322225e+13,2.487729e+10
1.328340e+13,2.503215e+10
1.334482e+13,2.518786e+10
1.340656e+13,2.534444e+10
1.346856e+13,2.550131e+10
1.353084e+13,2.566050e+10
1.359341e+13,2.581990e+10
1.365627e+13,2.598062e+10
1.371942e+13,2.614212e+10
1.378286e+13,2.630474e+10
1.384663e+13,2.646790e+10
1.391066e+13,2.663232e+10
1.397499e+13,2.679799e+10
1.403961e+13,2.696444e+10
1.410453e+13,2.713205e+10
1.416979e+13,2.730083e+10
1.423531e+13,2.747006e+10
1.430114e+13,2.764058e+10
1.436727e+13,2.781238e+10
1.443371e+13,2.798527e+10
1.450049e+13,2.815899e+10
1.456754e+13,2.833402e+10
1.463491e+13,2.851002e+10
1.470262e+13,2.868699e+10
1.477061e+13,2.886520e+10
1.483891e+13,2.904449e+10
1.490753e+13,2.922465e+10
1.497650e+13,2.940657e+10
1.504575e+13,2.958846e+10
1.511533e+13,2.977213e+10
1.518526e+13,2.995693e+10
1.525548e+13,3.014274e+10
1.532603e+13,3.032985e+10
1.539693e+13,3.051799e+10
1.546813e+13,3.070742e+10
1.553966e+13,3.089789e+10
1.561156e+13,3.108954e+10
1.568375e+13,3.128225e+10
1.575627e+13,3.147629e+10
1.582917e+13,3.167154e+10
1.590237e+13,3.186784e+10
1.597591e+13,3.206552e+10
1.604982e+13,3.226428e+10
1.612404e+13,3.246426e+10
1.619860e+13,3.266550e+10
1.627354e+13,3.286796e+10
1.634879e+13,3.307169e+10
1.642443e+13,3.327654e+10
1.650038e+13,3.348266e+10
1.657672e+13,3.368916e+10
1.665338e+13,3.389903e+10
1.673039e+13,3.410900e+10
1.680779e+13,3.432011e+10
1.688551e+13,3.453271e+10
1.696363e+13,3.474645e+10
1.704208e+13,3.496151e+10
1.712092e+13,3.517790e+10
1.720010e+13,3.539565e+10
1.727967e+13,3.561473e+10
1.735958e+13,3.583501e+10
1.743989e+13,3.605682e+10
1.752054e+13,3.628000e+10
1.760160e+13,3.650439e+10
1.768299e+13,3.673034e+10
1.776480e+13,3.695753e+10
1.784695e+13,3.718594e+10
1.792952e+13,3.741464e+10
1.801243e+13,3.764738e+10
1.809576e+13,3.787990e+10
1.817944e+13,3.811419e+10
1.826355e+13,3.834994e+10
1.834805e+13,3.858680e+10
1.843289e+13,3.882529e+10
1.851818e+13,3.906509e+10
1.860385e+13,3.930637e+10
1.868988e+13,3.954931e+10
1.877630e+13,3.979375e+10
1.886317e+13,4.003953e+10
1.895044e+13,4.028665e+10
1.903812e+13,4.053531e+10
1.912616e+13,4.078584e+10
1.921464e+13,4.103757e+10
1.930354e+13,4.129085e+10
1.939280e+13,4.154552e+10
1.948252e+13,4.180212e+10
1.957266e+13,4.205993e+10
1.966317e+13,4.231952e+10
1.975414e+13,4.258053e+10
1.984553e+13,4.284315e+10
1.993730e+13,4.310738e+10
2.002954e+13,4.337343e+10
2.012221e+13,4.364076e+10
2.021526e+13,4.390970e+10
2.030878e+13,4.418052e+10
2.040274e+13,4.445301e+10
2.049709e+13,4.473031e+10
2.059192e+13,4.500244e+10
2.068719e+13,4.527999e+10
2.078290e+13,4.555865e+10
2.087905e+13,4.583943e+10
2.097560e+13,4.612174e+10
2.107264e+13,4.640579e+10
2.117013e+13,4.669179e+10
2.126808e+13,4.697935e+10
2.136648e+13,4.726848e+10
2.146528e+13,4.755958e+10
2.156459e+13,4.785249e+10
2.166436e+13,4.814677e+10
2.176459e+13,4.844329e+10
2.186528e+13,4.874121e+10
2.196639e+13,4.904119e+10
2.206802e+13,4.934299e+10
2.217012e+13,4.964644e+10
2.227269e+13,4.995198e+10
2.237573e+13,5.025896e+10
2.247925e+13,5.056827e+10
2.258325e+13,5.088104e+10
2.268773e+13,5.119214e+10
2.279270e+13,5.150698e+10
2.289814e+13,5.182327e+10
2.300403e+13,5.214221e+10
2.311046e+13,5.246242e+10
2.321738e+13,5.278505e+10
2.332480e+13,5.310920e+10
2.343271e+13,5.343581e+10
2.354112e+13,5.376373e+10
2.365003e+13,5.409437e+10
2.375945e+13,5.442632e+10
2.386937e+13,5.476103e+10
2.397980e+13,5.509707e+10
2.409074e+13,5.543567e+10
2.420220e+13,5.577585e+10
2.431417e+13,5.611861e+10
2.442666e+13,5.646300e+10
2.453967e+13,5.680973e+10
2.465321e+13,5.715835e+10
2.476726e+13,5.750936e+10
2.488185e+13,5.786227e+10
2.499696e+13,5.821761e+10
2.511261e+13,5.857461e+10
2.522879e+13,5.893458e+10
2.534551e+13,5.929570e+10
2.546283e+13,5.966089e+10
2.558057e+13,6.002569e+10
2.569898e+13,6.039376e+10
2.581788e+13,6.076464e+10
2.593733e+13,6.113699e+10
2.605732e+13,6.151243e+10
2.617788e+13,6.188937e+10
2.629899e+13,6.226752e+10
2.642066e+13,6.265101e+10
2.654290e+13,6.303491e+10
2.666576e+13,6.342200e+10
2.678912e+13,6.381036e+10
2.691306e+13,6.420362e+10
2.703757e+13,6.459563e+10
2.716267e+13,6.499117e+10
2.728833e+13,6.539029e+10
2.741464e+13,6.579069e+10
2.754148e+13,6.619384e+10
2.766889e+13,6.660005e+10
2.779690e+13,6.700815e+10
2.792557e+13,6.741846e+10
2.805476e+13,6.783218e+10
2.818456e+13,6.824784e+10
2.831496e+13,6.866575e+10
2.844602e+13,6.908742e+10
2.857762e+13,6.951046e+10
2.870984e+13,6.993608e+10
2.884273e+13,7.036558e+10
2.897616e+13,7.079644e+10
2.911022e+13,7.122995e+10
2.924490e+13,7.166738e+10
2.938026e+13,7.210622e+10
2.951619e+13,7.254775e+10
2.965275e+13,7.299326e+10
2.979000e+13,7.344055e+10
2.992783e+13,7.389025e+10
3.006629e+13,7.434270e+10
3.020546e+13,7.479956e+10
3.034520e+13,7.525758e+10
3.048559e+13,7.571842e+10
3.062670e+13,7.618373e+10
3.076839e+13,7.665022e+10
3.091081e+13,7.711991e+10
3.105382e+13,7.759250e+10
3.119749e+13,7.806899e+10
3.134189e+13,7.854737e+10
3.148689e+13,7.902870e+10
3.163264e+13,7.951296e+10
3.177898e+13,8.000160e+10
3.192608e+13,8.049184e+10
3.207378e+13,8.098542e+10
3.222225e+13,8.148167e+10
3.237132e+13,8.198314e+10
3.252116e+13,8.248551e+10
3.267161e+13,8.299132e+10
3.282278e+13,8.350024e+10
3.297470e+13,8.401228e+10
3.312733e+13,8.452892e+10
3.328059e+13,8.504766e+10
3.343464e+13,8.556918e+10
3.358932e+13,8.609427e+10
3.374480e+13,8.662260e+10
3.390091e+13,8.715609e+10
3.405783e+13,8.769093e+10
3.421540e+13,8.822903e+10
3.437377e+13,8.877087e+10
3.453288e+13,8.931599e+10
3.469264e+13,8.986330e+10
3.485323e+13,9.041832e+10
3.501447e+13,9.097399e+10
3.517655e+13,9.153305e+10
3.533937e+13,9.209516e+10
3.550286e+13,9.266153e+10
3.566720e+13,9.323301e+10
3.583229e+13,9.380639e+10
3.599807e+13,9.438328e+10
3.616469e+13,9.496372e+10
3.633208e+13,9.554817e+10
3.650018e+13,9.613617e+10
3.666912e+13,9.672783e+10
3.683885e+13,9.732568e+10
3.700937e+13,9.792508e+10
3.718059e+13,9.852817e+10
3.735269e+13,9.913539e+10
3.752559e+13,9.974638e+10
3.769928e+13,1.003616e+11
3.787370e+13,1.009801e+11
3.804900e+13,1.016056e+11
3.822511e+13,1.022322e+11
3.840205e+13,1.028632e+11
3.857971e+13,1.034981e+11
3.875829e+13,1.041373e+11
3.893769e+13,1.047805e+11
3.911792e+13,1.054281e+11
3.929898e+13,1.060797e+11
3.948089e+13,1.067382e+11
3.966354e+13,1.073984e+11
3.984713e+13,1.080627e+11
4.003158e+13,1.087315e+11
4.021687e+13,1.094050e+11
4.040302e+13,1.100827e+11
4.059003e+13,1.107645e+11
4.077791e+13,1.114511e+11
4.096666e+13,1.121425e+11
4.115628e+13,1.128371e+11
4.134669e+13,1.135410e+11
4.153808e+13,1.142462e+11
4.173034e+13,1.149559e+11
4.192350e+13,1.156700e+11
4.211755e+13,1.163895e+11
4.231250e+13,1.171124e+11
4.250835e+13,1.178420e+11
4.270511e+13,1.185750e+11
4.290278e+13,1.193179e+11
4.310136e+13,1.200601e+11
4.330086e+13,1.208090e+11
4.350129e+13,1.215627e+11
4.370264e+13,1.223210e+11
4.390502e+13,1.230841e+11
4.410825e+13,1.238530e+11
4.431241e+13,1.246278e+11
4.451752e+13,1.254075e+11
4.472357e+13,1.261920e+11
4.493059e+13,1.269815e+11
4.513856e+13,1.277759e+11
4.534749e+13,1.285819e+11
4.555739e+13,1.293875e+11
4.576826e+13,1.302004e+11
4.598022e+13,1.310172e+11
4.619304e+13,1.318403e+11
4.640685e+13,1.326697e+11
4.662166e+13,1.335044e+11
4.683746e+13,1.343443e+11
4.705424e+13,1.351906e+11
4.727215e+13,1.360424e+11
4.749095e+13,1.369055e+11
4.771078e+13,1.377692e+11
4.793162e+13,1.386396e+11
4.815358e+13,1.395167e+11
4.837647e+13,1.403994e+11
4.860040e+13,1.412877e+11
4.882546e+13,1.421827e+11
4.905146e+13,1.430886e+11
4.927850e+13,1.439964e+11
4.950670e+13,1.449112e+11
4.973586e+13,1.458318e+11
4.996607e+13,1.467596e+11
5.019734e+13,1.476945e+11
5.042981e+13,1.486354e+11
5.066322e+13,1.495877e+11
5.089785e+13,1.505420e+11
5.113343e+13,1.515037e+11
5.137011e+13,1.524730e+11
5.160801e+13,1.534483e+11
5.184688e+13,1.544314e+11
5.208698e+13,1.554262e+11
5.232807e+13,1.564233e+11
5.257040e+13,1.574294e+11
5.281373e+13,1.584407e+11
5.305831e+13,1.594613e+11
5.330390e+13,1.604941e+11
5.355074e+13,1.615280e+11
5.379862e+13,1.625714e+11
5.404775e+13,1.636214e+11
5.429792e+13,1.646812e+11
5.454937e+13,1.657522e+11
5.480186e+13,1.668271e+11
5.505564e+13,1.679091e+11
5.531059e+13,1.690011e+11
5.556661e+13,1.701047e+11
5.582393e+13,1.712124e+11
5.608232e+13,1.723289e+11
5.634204e+13,1.734542e+11
5.660295e+13,1.745930e+11
5.686507e+13,1.757347e+11
5.712829e+13,1.768869e+11
5.739284e+13,1.780513e+11
5.765863e+13,1.792218e+11
5.792550e+13,1.804000e+11
5.819376e+13,1.815939e+11
5.846324e+13,1.827910e+11
5.873398e+13,1.839976e+11
5.900584e+13,1.852185e+11
5.927909e+13,1.864461e+11
5.955361e+13,1.876866e+11
5.982939e+13,1.889320e+11
6.010645e+13,1.901943e+11
6.038481e+13,1.914598e+11
6.066430e+13,1.927353e+11
6.094524e+13,1.940280e+11
6.122747e+13,1.953258e+11
6.151100e+13,1.966393e+11
6.179586e+13,1.979581e+11
6.208203e+13,1.992927e+11
6.236952e+13,2.006329e+11
6.265836e+13,2.019909e+11
6.294852e+13,2.033527e+11
6.324002e+13,2.047328e+11
6.353287e+13,2.061240e+11
6.382710e+13,2.075228e+11
6.412267e+13,2.089366e+11
6.441961e+13,2.103637e+11
6.471794e+13,2.117970e+11
6.501764e+13,2.132492e+11
6.531873e+13,2.147115e+11
6.562122e+13,2.161819e+11
6.592524e+13,2.176720e+11
6.623054e+13,2.191742e+11
6.653724e+13,2.206887e+11
6.684537e+13,2.222098e+11
6.715493e+13,2.237532e+11
6.746591e+13,2.253072e+11
6.777849e+13,2.268762e+11
6.809236e+13,2.284580e+11
6.840769e+13,2.300547e+11
6.872449e+13,2.316649e+11
6.904290e+13,2.332903e+11
6.936262e+13,2.349312e+11
6.968399e+13,2.365858e+11
7.000668e+13,2.382541e+11
7.033087e+13,2.399385e+11
7.065672e+13,2.416389e+11
7.098392e+13,2.433536e+11
7.131280e+13,2.450847e+11
7.164306e+13,2.468324e+11
7.197482e+13,2.486015e+11
7.230829e+13,2.503808e+11
7.264314e+13,2.521753e+11
7.297970e+13,2.539892e+11
7.331783e+13,2.558230e+11
7.365735e+13,2.576699e+11
8.296880e+13,2.616475e+11
8.494693e+13,2.713754e+11
8.697281e+13,2.816332e+11
8.904739e+13,2.924609e+11
9.117186e+13,3.038998e+11
9.334722e+13,3.159971e+11
9.557511e+13,3.288067e+11
9.785659e+13,3.423761e+11
1.001928e+14,3.567719e+11
1.025852e+14,3.720507e+11
1.050351e+14,3.882904e+11
1.075441e+14,4.055561e+11
1.101133e+14,4.239355e+11
1.127443e+14,4.435103e+11
1.154386e+14,4.643760e+11
1.181977e+14,4.866379e+11
1.210232e+14,5.104016e+11
1.239165e+14,5.357868e+11
1.268795e+14,5.629191e+11
1.299137e+14,5.919397e+11
1.330211e+14,6.229925e+11
1.362030e+14,6.562390e+11
1.394617e+14,6.918489e+11
1.427984e+14,7.300127e+11
1.462155e+14,7.709250e+11
1.497150e+14,8.148025e+11
1.532983e+14,8.618811e+11
1.569681e+14,9.124008e+11
1.607264e+14,9.666371e+11
1.645747e+14,1.024880e+12
1.685158e+14,1.087435e+12
1.725518e+14,1.154629e+12
1.766851e+14,1.226825e+12
1.809175e+14,1.304419e+12
1.830720e+14,1.345357e+12
1.852525e+14,1.387809e+12
1.874586e+14,1.431816e+12
1.896918e+14,1.477452e+12
1.919511e+14,1.524757e+12
1.942379e+14,1.573811e+12
1.965518e+14,1.624671e+12
1.988933e+14,1.677411e+12
2.012636e+14,1.732076e+12
2.036711e+14,1.788397e+12
2.061137e+14,1.846549e+12
2.085898e+14,1.906743e+12
2.110988e+14,1.969071e+12
2.136409e+14,2.033635e+12
2.162158e+14,2.100554e+12
2.188238e+14,2.169942e+12
2.214657e+14,2.241899e+12
2.241409e+14,2.316527e+12
2.268504e+14,2.393932e+12
2.295937e+14,2.474250e+12
2.323717e+14,2.557556e+12
2.351849e+14,2.644014e+12
2.380332e+14,2.733730e+12
2.409175e+14,2.826839e+12
2.438373e+14,2.923453e+12
2.467937e+14,3.023741e+12
2.497874e+14,3.127799e+12
2.528181e+14,3.235835e+12
2.558861e+14,3.347928e+12
2.589930e+14,3.464298e+12
2.621383e+14,3.585060e+12
2.653223e+14,3.710389e+12
2.685456e+14,3.840505e+12
2.718098e+14,3.975498e+12
2.751138e+14,4.115633e+12
2.784584e+14,4.261084e+12
2.818450e+14,4.411983e+12
2.852740e+14,4.568628e+12
2.887448e+14,4.731167e+12
2.922583e+14,4.899877e+12
2.958160e+14,5.074913e+12
2.994177e+14,5.256527e+12
3.030638e+14,5.445022e+12
3.067550e+14,5.640575e+12
3.104925e+14,5.843456e+12
3.142756e+14,6.053956e+12
3.181062e+14,6.272314e+12
3.219841e+14,6.498889e+12
3.259101e+14,6.733886e+12
3.298853e+14,6.977686e+12
3.339091e+14,7.230569e+12
3.379841e+14,7.492877e+12
3.421089e+14,7.764909e+12
3.462856e+14,8.047027e+12
3.505140e+14,8.339689e+12
3.547957e+14,8.643070e+12
3.591303e+14,8.957723e+12
3.635196e+14,9.284077e+12
3.679633e+14,9.622321e+12
3.724630e+14,9.973150e+12
3.770193e+14,1.033677e+13
3.816331e+14,1.071383e+13
3.863041e+14,1.110466e+13
3.910349e+14,1.150984e+13
3.958245e+14,1.192980e+13
4.006746e+14,1.236508e+13
4.055867e+14,1.281625e+13
4.105609e+14,1.328388e+13
4.155979e+14,1.376857e+13
4.206985e+14,1.427070e+13
4.258646e+14,1.479114e+13
4.310969e+14,1.533042e+13
4.363954e+14,1.588923e+13
4.417610e+14,1.646812e+13
4.471965e+14,1.706794e+13
4.527019e+14,1.768931e+13
4.582780e+14,1.833314e+13
4.639259e+14,1.900006e+13
4.696464e+14,1.969089e+13
4.754417e+14,2.040631e+13
4.813118e+14,2.114753e+13
4.872585e+14,2.191511e+13
4.932831e+14,2.271014e+13
4.993864e+14,2.353340e+13
5.055687e+14,2.438607e+13
5.118331e+14,2.526897e+13
5.181809e+14,2.618337e+13
5.246119e+14,2.713015e+13
5.311274e+14,2.811042e+13
5.377298e+14,2.912535e+13
5.444214e+14,3.017612e+13
5.512011e+14,3.126398e+13
5.580727e+14,3.239021e+13
5.650360e+14,3.355612e+13
5.720939e+14,3.476308e+13
5.792462e+14,3.601219e+13
5.864969e+14,3.730552e+13
5.938462e+14,3.864395e+13
6.012956e+14,4.002934e+13
6.088477e+14,4.146331e+13
6.165043e+14,4.294751e+13
6.242666e+14,4.448367e+13
6.321364e+14,4.607315e+13
6.401153e+14,4.771818e+13
6.482062e+14,4.942064e+13
6.564111e+14,5.118203e+13
6.647313e+14,5.300481e+13
6.731704e+14,5.489105e+13
6.817286e+14,5.684293e+13
6.904092e+14,5.886266e+13
6.992141e+14,6.095254e+13
7.081455e+14,6.311441e+13
7.172065e+14,6.535124e+13
7.263994e+14,6.766556e+13
7.357280e+14,7.006059e+13
7.451912e+14,7.253787e+13
7.547960e+14,7.510076e+13
7.645430e+14,7.775213e+13
7.744327e+14,8.049571e+13
7.844730e+14,8.333317e+13
7.946643e+14,8.626913e+13
8.050091e+14,8.930619e+13
8.155121e+14,9.244853e+13
8.261736e+14,9.569892e+13
8.370005e+14,9.906098e+13
8.479952e+14,1.025394e+14
8.591607e+14,1.061371e+14
8.705000e+14,1.098591e+14
8.820199e+14,1.137096e+14
8.937198e+14,1.176931e+14
9.056069e+14,1.218128e+14
9.176841e+14,1.260746e+14
9.299551e+14,1.304843e+14
9.424254e+14,1.350447e+14
9.551006e+14,1.397633e+14
9.679825e+14,1.446441e+14
9.810790e+14,1.496929e+14
9.943920e+14,1.549164e+14
1.007928e+15,1.603195e+14
1.021693e+15,1.659095e+14
1.035691e+15,1.716928e+14
1.049929e+15,1.776763e+14
1.064410e+15,1.838667e+14
1.079146e+15,1.902694e+14
1.094135e+15,1.968951e+14
1.109389e+15,2.037515e+14
1.124915e+15,2.108429e+14
1.140719e+15,2.181830e+14
1.156805e+15,2.257767e+14
1.173182e+15,2.336327e+14
1.189860e+15,2.417641e+14
1.206843e+15,2.501787e+14
1.224141e+15,2.588860e+14
1.241764e+15,2.678986e+14
1.259720e+15,2.772251e+14
1.278015e+15,2.868763e+14
1.296664e+15,2.968687e+14
1.315671e+15,3.072118e+14
1.335048e+15,3.179152e+14
1.354808e+15,3.289974e+14
1.374958e+15,3.404719e+14
1.395511e+15,3.523496e+14
1.416481e+15,3.646514e+14
1.437880e+15,3.773859e+14
1.459716e+15,3.905720e+14
1.482005e+15,4.042330e+14
1.504760e+15,4.183756e+14
1.527999e+15,4.330282e+14
1.551733e+15,4.482057e+14
1.575977e+15,4.639275e+14
1.600751e+15,4.802175e+14
1.626068e+15,4.970971e+14
1.651949e+15,5.145881e+14
1.678411e+15,5.327132e+14
1.705473e+15,5.515009e+14
1.733154e+15,5.709764e+14
1.761478e+15,5.911654e+14
1.790465e+15,6.121006e+14
1.820138e+15,6.338051e+14
1.850520e+15,6.563197e+14
1.881638e+15,6.796757e+14
1.913514e+15,7.039000e+14
1.946187e+15,7.290388e+14
1.979674e+15,7.551218e+14
2.014015e+15,7.821930e+14
2.049237e+15,8.102989e+14
2.085367e+15,8.394809e+14
2.122455e+15,8.697827e+14
2.160530e+15,9.012574e+14
2.199632e+15,9.339614e+14
2.239805e+15,9.679369e+14
2.281087e+15,1.003246e+15
2.323533e+15,1.039961e+15
2.367186e+15,1.078133e+15
2.412097e+15,1.117834e+15
2.458325e+15,1.159141e+15
2.505929e+15,1.202131e+15
2.554965e+15,1.246870e+15
2.605498e+15,1.293454e+15
2.657602e+15,1.341981e+15
2.711344e+15,1.392547e+15
2.766810e+15,1.445235e+15
2.824075e+15,1.500166e+15
2.883234e+15,1.557473e+15
2.944376e+15,1.617253e+15
3.007599e+15,1.679652e+15
3.073017e+15,1.744796e+15
3.140734e+15,1.812864e+15
3.210881e+15,1.883984e+15
3.283582e+15,1.958344e+15
3.358977e+15,2.036119e+15
3.437211e+15,2.117524e+15
3.518443e+15,2.202743e+15
3.602844e+15,2.292016e+15
3.690598e+15,2.385579e+15
3.781884e+15,2.483679e+15
3.876919e+15,2.586609e+15
3.975930e+15,2.694633e+15
4.079144e+15,2.808105e+15
4.186811e+15,2.927360e+15
4.299208e+15,3.052723e+15
4.416610e+15,3.184630e+15
4.539342e+15,3.323463e+15
4.667718e+15,3.469658e+15
4.802075e+15,3.623716e+15
4.942795e+15,3.786144e+15
5.090253e+15,3.957416e+15
