logpressurec2,pressurec2,energy_densityc2,baryon_density
29.34882923822369,5572301266000.0,219374248700000.0,216684002923083.94
29.36952746454607,5688839930000.0,221118442400000.0,218363715497649.97
29.390063859228636,5806876062000.0,222863527400000.0,220043417474401.53
29.410442700513872,5926427490000.0,224609682100000.0,221723276060548.3
29.430668659667035,6047515604000.0,226356549800000.0,223402943600399.1
29.45074588803143,6170160016000.0,228104487200000.0,225082758513644.3
29.470678624199138,6294382118000.0,229853137600000.0,226762373359051.75
29.490470344672943,6420199736000.0,231602857600000.0,228442125965318.94
29.510124646800556,6547632480000.0,233353469000000.0,230121840409875.75
29.529645497392224,6676703525000.0,235105150000000.0,231801682761524.72
29.54903614326666,6807432482000.0,236857544200000.0,233481306334036.97
29.568299942201243,6939840741000.0,238611007900000.0,235161047679112.97
29.587439843665223,7073947914000.0,240365541200000.0,236840901688809.38
29.606458914590377,7209775393000.0,242120787600000.0,238520521953769.97
29.625360565954765,7347348134000.0,243877281900000.0,240200414994708.28
29.644147087253728,7486683966000.0,245634489300000.0,241880064018447.56
29.662821612735904,7627807846000.0,247392766300000.0,243559804522761.0
29.681386893497635,7770742950000.0,249152113000000.0,245239631065541.0
29.699845326321125,7915510669000.0,250912351000000.0,246919367802353.03
29.71819964490702,8062135961000.0,252673480300000.0,248599009257429.78
29.73645201674234,8210640219000.0,254435679200000.0,250278719847476.56
29.75460536836241,8361051966000.0,256198947800000.0,251958493861346.38
29.772661638882106,8513392595000.0,257963107700000.0,253638155561753.72
29.790623096274434,8667687062000.0,259728515500000.0,255318038534970.0
29.80849230584962,8823963892000.0,261494636400000.0,256997627960776.72
29.82627110727459,8982246260000.0,263262005200000.0,258677426450613.78
29.843961843714283,9142562688000.0,265030443600000.0,260357258275315.38
29.861566549043292,9304939918000.0,266799773400000.0,262036948018293.72
29.879086970029967,9469402906000.0,268570172700000.0,263716658549504.38
29.8965253285333,9635981960000.0,270341641700000.0,265396383673627.38
29.91388354973088,9804705601000.0,272114180300000.0,267076116825973.1
29.931163463247206,9975602354000.0,273887788600000.0,268755851554188.94
29.948366807311558,10148700740000.0,275662466400000.0,270435581046523.78
29.965495579686092,10324032850000.0,277438213900000.0,272115298786203.34
29.982551333466,10501627210000.0,279215031000000.0,273794997890714.8
29.99953587759057,10681515900000.0,280993095900000.0,275474839851047.06
30.016450762833408,10863729230000.0,282772052300000.0,277154481095335.34
30.03329778365552,11048301080000.0,284552256500000.0,278834251000445.5
30.05007847656447,11235263520000.0,286333530300000.0,280513974188062.75
30.06679445617948,11424650440000.0,288116052100000.0,282193811572729.44
30.083447093768168,11616493920000.0,289899465100000.0,283873419609243.06
30.10003799007201,11810829610000.0,291684304400000.0,285553294768332.0
30.116568657801334,12007693170000.0,293470035000000.0,287232925922112.75
30.13304052447291,12207120250000.0,295257013400000.0,288912640823800.4
30.149454794961905,12409144730000.0,297045239800000.0,290592431788770.06
30.16581303004486,12613805820000.0,298834535800000.0,292272123376202.44
30.182116423067676,12821139180000.0,300625079700000.0,293951875013368.7
30.198366372468765,13031184030000.0,302416871500000.0,295631678543091.44
30.214564058626337,13243977790000.0,304209732800000.0,297311358571691.3
30.230710860862573,13459561490000.0,306003842100000.0,298991074092154.0
30.246807810998988,13677972540000.0,307799199300000.0,300670816561558.4
30.262856267573632,13899253750000.0,309595804400000.0,302350577431944.9
30.2788572502584,14123444320000.0,311393657300000.0,304030347960817.25
30.29481196600824,14350587040000.0,313192758200000.0,305710119587511.3
30.310721423584425,14580722910000.0,314992928600000.0,307389716917332.2
30.326586688703518,14813894720000.0,316794525200000.0,309069463815887.94
30.342408877175373,15050147040000.0,318597369700000.0,310749184872194.0
30.358188915630702,15289522650000.0,320401640400000.0,312429036939409.1
30.373927899408294,15532067900000.0,322206980700000.0,314108678746977.25
30.389626625273507,15777825570000.0,324013747200000.0,315788432709981.5
30.40528605877529,16026842020000.0,325821761500000.0,317468123389366.8
30.420907098647497,16279163590000.0,327631202000000.0,319147906839814.3
30.43649069092055,16534838430000.0,329441890400000.0,320827607743143.25
30.452037607514022,16793912870000.0,331254004900000.0,322507381511447.7
30.467548671325876,17056435060000.0,333067367400000.0,324187053049206.0
30.483024746894262,17322454900000.0,334882334200000.0,325866942157182.9
30.498466435005817,17592018750000.0,336698370700000.0,327546543807012.1
30.51387498686307,17865185430000.0,338516011600000.0,329226342200551.56
30.529249995641642,18141985260000.0,340334900500000.0,330905997424720.25
30.544592517749237,18422475280000.0,342155393700000.0,332585827896001.7
30.559904297029803,18706726800000.0,343977134800000.0,334265493970190.5
30.57518508149274,18994775460000.0,345800480400000.0,335945313545203.5
30.590435546441938,19286674760000.0,347625073800000.0,337624947032215.75
30.605655400908084,19582460340000.0,349451271700000.0,339304711762155.25
30.620847048842325,19882221350000.0,351278895800000.0,340984432419326.6
30.636010085272062,20185993430000.0,353108124200000.0,342664261235114.7
30.65114411455824,20493812240000.0,354938778900000.0,344344023267980.9
30.666250462521834,20805749080000.0,356770859600000.0,346023706799741.0
30.68133036249153,21121875280000.0,358604544900000.0,347703463821336.75
30.69638246175085,21442208640000.0,360439656200000.0,349383118915326.9
30.711408749116632,21766838310000.0,362276372100000.0,351062823653911.06
30.72640865842705,22095799940000.0,364114692300000.0,352742565596307.2
30.7413824347585,22429147010000.0,365954617000000.0,354422332710725.5
30.7563310757505,22766950840000.0,367796146100000.0,356102112567710.7
30.77125395898308,23109247060000.0,369639279600000.0,357781892746459.9
30.78615200335499,23456107000000.0,371483839300000.0,359461498481092.75
30.80102605568947,23807601960000.0,373330181700000.0,361141241739384.3
30.81587468266392,24163749770000.0,375178128500000.0,362820947473744.75
30.830699424024264,24524639550000.0,377027858000000.0,364500764844844.3
30.845500281640344,24890324800000.0,378879192000000.0,366180518966689.9
30.860276532771504,25260841170000.0,380732130400000.0,367860196810198.94
30.87502887033671,25636259970000.0,382586851400000.0,369539946762630.3
30.889757243984096,26016634660000.0,384443355200000.0,371219755603928.06
30.904462266287254,26402036580000.0,386301463400000.0,372899448562160.6
30.919143164294034,26792501360000.0,388161354300000.0,374579173408291.1
30.933800505269307,27188100320000.0,390023027900000.0,376258916524073.0
30.948434160103627,27588886930000.0,391886484200000.0,377938664199185.9
30.963043991037672,27994914680000.0,393751723300000.0,379618402759861.56
30.97762985142061,28406237050000.0,395618745000000.0,381298118210691.94
30.9921922055125,28822925350000.0,397487549400000.0,382977796741903.9
31.00673025559618,29245015230000.0,399358314800000.0,384657584505850.94
31.02124443557022,29672578000000.0,401230862800000.0,386337307163503.4
31.035733954790413,30105649310000.0,403105193600000.0,388016950858664.25
31.050199803889594,30544318300000.0,404981663600000.0,389696820542629.0
31.064640600877667,30988602790000.0,406859738100000.0,391376423222095.8
31.07905672940764,31438574100000.0,408739951800000.0,393056222778363.8
31.093447978011913,31894285700000.0,410621948200000.0,394735886160182.9
31.107814684897942,32355808900000.0,412506083800000.0,396415716923710.25
31.122155526628113,32823161540000.0,414392002100000.0,398095382605446.5
31.13647084645846,33296414900000.0,416280059700000.0,399775186191239.2
31.150759902205234,33775604660000.0,418170078200000.0,401454954143207.7
31.165023541696332,34260819950000.0,420062057800000.0,403134671930456.5
31.179260501690038,34752078590000.0,421955998200000.0,404814324550968.2
31.193470590022482,35249434060000.0,423852078000000.0,406494055532985.44
31.207653615254003,35752939850000.0,425750296900000.0,408173849549086.9
31.22180889473867,36262631610000.0,427650476800000.0,409853534111154.1
31.235936743821753,36778580640000.0,429552796000000.0,411533251927585.75
31.250036973959872,37300840430000.0,431457254400000.0,413212987780463.7
31.264107984269874,37829410980000.0,433363852100000.0,414892726704394.0
31.27815057813874,38364381430000.0,435272589000000.0,416572453571600.06
31.292163674063843,38905769590000.0,437183643400000.0,418252310055114.4
31.306147599505735,39453646780000.0,439096658700000.0,419931967653082.9
31.320101320640735,40008030830000.0,441011991600000.0,421611724529973.94
31.334024733029988,40568975210000.0,442929463700000.0,423291409070607.0
31.34791686648584,41136497750000.0,444849253400000.0,424971162443650.5
31.361778509256855,41710687600000.0,446771360500000.0,426650969171012.8
31.3756078724599,42291526910000.0,448695606900000.0,428330658532056.9
31.389405340486807,42879087000000.0,450622170800000.0,430010371090551.44
31.403170453930525,43473403530000.0,452551052200000.0,431690091661921.06
31.416902775291323,44074512140000.0,454482251100000.0,433369805112804.25
31.430601490395574,44682430670000.0,456415767500000.0,435049496391435.2
31.44426622067224,45297194760000.0,458351779700000.0,436729305233674.0
31.457896996332654,45918857910000.0,460290109400000.0,438409061797475.9
31.471493079039174,46547437930000.0,462230756600000.0,440088751187998.75
31.48505414850266,47182970480000.0,464173899600000.0,441768512727045.94
31.49857952937629,47825473380000.0,466119360100000.0,443448177360164.8
31.51206931973906,48475000130000.0,468067494700000.0,445128037907623.9
31.525522162314417,49131532890000.0,470017946800000.0,446807771923301.6
31.53893856427901,49795142960000.0,471970716400000.0,448487364926952.25
31.552317949770313,50465848180000.0,473926160000000.0,450167108702298.94
31.56565942759555,51143648550000.0,475884099400000.0,451846835269229.44
31.578962501073406,51828561890000.0,477844712800000.0,453526682740270.56
31.5922277225958,52520659510000.0,479807643800000.0,455206331206235.4
31.605453610713653,53219905760000.0,481773248800000.0,456886071197149.06
31.618640418875977,53926354110000.0,483741527900000.0,458565888099591.4
31.631787415012454,54640004580000.0,485712302800000.0,460245615323281.25
31.644894554275552,55360892800000.0,487685573400000.0,461925238671165.4
31.65796116580318,56089018790000.0,489661696300000.0,463605047269470.94
31.670986933389745,56824400370000.0,491640315100000.0,465284723882187.9
31.683971564445866,57567055360000.0,493621786100000.0,466964556807467.5
31.696914789412887,58317001600000.0,495605753000000.0,468644229916392.75
31.709816058343026,59074239080000.0,497592572100000.0,470324030925981.1
31.722675155772542,59838785630000.0,499581887000000.0,472003644702416.7
31.735491591608092,60610641240000.0,501574232600000.0,473683508989567.7
31.748265200537965,61389823760000.0,503569073800000.0,475363158855322.44
31.760995547607678,62176333170000.0,505566767500000.0,477042881387903.06
31.77368251301585,62970187310000.0,507567313400000.0,478722662623569.4
31.786325433607452,63771368350000.0,509570533400000.0,480402339665805.44
31.798924517522845,64579911930000.0,511576605700000.0,482082048705929.75
31.81147942846341,65395818070000.0,513585530300000.0,483761776402902.7
31.823989587695102,66219068930000.0,515597307300000.0,485441509672730.5
31.8364547220643,67049664510000.0,517612114800000.0,487121384014234.8
31.848874845806016,67887622640000.0,519629596400000.0,488801089396722.8
31.86124972467589,68732943330000.0,521649930300000.0,490480761640247.5
31.873578890911844,69585608740000.0,523673294800000.0,492160536178906.8
31.88586241764974,70445636700000.0,525699511600000.0,493840252328519.5
31.898099886592817,71313009390000.0,527728759100000.0,495520045460400.8
31.910291405314243,72187744620000.0,529760858800000.0,497199755430914.56
31.922436357140796,73069806760000.0,531795989100000.0,498879517483920.5
31.93453464880804,73959195790000.0,533833971800000.0,500559172500950.0
31.946586442627805,74855929540000.0,535874985000000.0,502238855343701.75
31.958591435318507,75759990190000.0,537919207100000.0,503918700606829.1
31.970549583078345,76671377740000.0,539966281500000.0,505598403401591.5
31.98246039740741,77590056530000.0,542016386500000.0,507278098575837.8
31.994324106966463,78516044390000.0,544069700300000.0,508957920398360.3
32.00614049408585,79449323500000.0,546125866500000.0,510637565905663.06
32.01790958570529,80389893840000.0,548185241600000.0,512317315077592.6
32.02963098282069,81337719780000.0,550247647200000.0,513997011114741.8
32.04130475077014,82292801300000.0,552313261700000.0,515676788198987.56
32.05293117968791,83255156240000.0,554381906800000.0,517356490318790.0
32.06450971281476,84224731120000.0,556453760700000.0,519036251321923.56
32.076040459579964,85201525930000.0,558528823500000.0,520716060412229.0
32.08752333111742,86185522850000.0,560606916900000.0,522395762734206.44
32.098958460288316,87176721880000.0,562688219100000.0,524075491948451.1
32.11034578490507,88175105180000.0,564772730200000.0,525755237676541.94
32.121685259236365,89180654950000.0,566860450200000.0,527434989618939.44
32.132977049830934,90193371160000.0,568951200800000.0,529114594373264.8
32.14422074321474,91213200350000.0,571045338500000.0,530794328349654.1
32.155416730179255,92240160340000.0,573142863300000.0,532474181276595.75
32.166564824172205,93274215480000.0,575243418700000.0,534153857941593.75
32.17766523778689,94315365760000.0,577347361200000.0,535833633867605.44
32.18871781361398,95363575530000.0,579454512600000.0,537513357160767.25
32.19972278391743,96418844800000.0,581564872900000.0,539193018571310.25
32.21068020058573,97481155720000.0,583678620300000.0,540872750584908.75
32.2215897648388,98550454840000.0,585795754800000.0,542552543822982.4
32.23245209769778,99626777790000.0,587916098200000.0,544232247861011.5
32.24326692157584,100710071100000.0,590039828700000.0,545911994951601.4
32.25403433300673,101800316900000.0,592166946300000.0,547591776142220.44
32.264754611732606,102897515300000.0,594297272800000.0,549271442094305.75
32.27542769379316,104001630600000.0,596431164700000.0,550951265194906.25
32.286053698658264,105112644800000.0,598568265500000.0,552630956261677.3
32.296632925342834,106230558200000.0,600708753400000.0,554310647148803.56
32.30716516953443,107355317100000.0,602852806700000.0,555990469277764.8
32.31765074339489,108486921600000.0,605000068800000.0,557670135138063.0
32.32808979398171,109625353800000.0,607150896400000.0,559349915742534.9
32.33848231436586,110770578100000.0,609305111100000.0,561029663677305.4
32.34882862775404,111922594500000.0,611462712900000.0,562709371207116.5
32.359128740120525,113081367300000.0,613623701800000.0,564389030721960.6
32.369382826292494,114246878800000.0,615788256200000.0,566068773199501.0
32.37959121709763,115419128800000.0,617956375900000.0,567748590679030.8
32.389753785933515,116598064000000.0,620127882800000.0,569428337729378.5
32.399870722184446,117783666400000.0,622302776800000.0,571108007212809.6
32.40994237178478,118975936200000.0,624481236200000.0,572787729647360.5
32.419968778345066,120174837600000.0,626663261000000.0,574467497745590.1
32.429950289552885,121380370600000.0,628848672900000.0,576147167297746.9
32.43988681454869,122592481800000.0,631037828500000.0,577827005345006.1
32.44977870797233,123811171200000.0,633230371200000.0,579506731347894.2
32.45962617799167,125036420900000.0,635426479400000.0,581186475390107.2
32.469429294887675,126268195300000.0,637625974600000.0,582866094480661.6
32.479188276099656,127506476600000.0,639829213500000.0,584545854458773.6
32.488903339309,128751246800000.0,642036017900000.0,586225612799840.1
32.49857470697018,130002488300000.0,644246387600000.0,587905363015085.6
32.508202600676334,131260183200000.0,646460322700000.0,589585098949503.6
32.517787108319325,132524295700000.0,648677823300000.0,591264814571481.2
32.52732859321878,133794826000000.0,650898889200000.0,592944503725243.8
32.53682714878192,135071738400000.0,653123698800000.0,594624295205700.8
32.54628287434687,136354997200000.0,655352073800000.0,596304048408841.1
32.55569626357141,137644620200000.0,657584014200000.0,597983757651821.6
32.565067287798264,138940553900000.0,659819698300000.0,599663551316948.1
32.57439631141944,140242798500000.0,662058947700000.0,601343289675441.0
32.58368343934702,141551318100000.0,664301762600000.0,603022967504373.9
32.592928908892006,142866095000000.0,666548321100000.0,604702712709308.6
32.60213308020772,144187129200000.0,668798445100000.0,606382386723431.0
32.61129594062066,145514367100000.0,671052312700000.0,608062117205391.2
32.62041785279452,146847808900000.0,673309924000000.0,609741898833704.1
32.62949905259254,148187436700000.0,675571100600000.0,611421593761518.8
32.63853977502621,149533232500000.0,677836021000000.0,613101329568972.4
32.64754013955744,150885160900000.0,680104685000000.0,614781100981330.0
32.65650038375543,152243203900000.0,682377092700000.0,616460903052450.6
32.66542086257699,153607361600000.0,684653065800000.0,618140599242944.1
32.67430158045066,154977580500000.0,686932782600000.0,619820316507320.9
32.68314300540897,156353878400000.0,689216243000000.0,621500050008797.1
32.69194525759117,157736219600000.0,691503447100000.0,623179795123888.9
32.70070857358829,159124586400000.0,693794394900000.0,624859547256156.4
32.70943307645634,160518943000000.0,696089086300000.0,626539301835404.0
32.71811922459755,161919307400000.0,698387521400000.0,628219054501520.8
32.72676702888436,163325625900000.0,700689521900000.0,629898670806657.2
32.73537672545215,164737880800000.0,702995444400000.0,631578406699037.8
32.74394876368366,166156090000000.0,705305288800000.0,633258257485915.5
32.75248315797609,167580199900000.0,707618698600000.0,634937959780318.5
32.76098024618634,169010210500000.0,709935852000000.0,636617639154757.4
32.76944015267653,170446086200000.0,712256927400000.0,638297420769165.9
32.7778632113829,171887827000000.0,714581746500000.0,639977171500202.5
32.78624954626502,173335397300000.0,716910309200000.0,641656887474022.6
32.79459958797216,174788814700000.0,719242615600000.0,643336565017382.4
32.80291325656416,176248008200000.0,721578844000000.0,645016328672471.0
32.81119107969656,177713013200000.0,723918816000000.0,646696046374047.6
32.81943327756751,179183812000000.0,726262710000000.0,648375842411829.8
32.82763927935973,180660244200000.0,728610347600000.0,650055585360760.5
32.83581078869972,182142559200000.0,730961728900000.0,651735271883966.9
32.84394713198966,183630578900000.0,733317032100000.0,653415025629992.2
32.852047661969216,185124125000000.0,735676079000000.0,655094716224850.4
32.86011462306398,186623553900000.0,738039047900000.0,656774467209833.2
32.868146405344085,188128509300000.0,740405938700000.0,658454274926933.4
32.87614427302058,189639169200000.0,742776573100000.0,660134009650495.4
32.8841085262143,191155533900000.0,745150951300000.0,661813668413784.0
32.89203853295521,192677424900000.0,747529251300000.0,663493374014715.4
32.899935523665825,194205020500000.0,749911473400000.0,665173123372251.2
32.907798874252094,195738142500000.0,752297617300000.0,666852913012286.5
32.91562979178374,197276969100000.0,754687504900000.0,668532614529572.9
32.923426762141325,198821143900000.0,757081314500000.0,670212350399124.8
32.93119187987404,200371023200000.0,759479046000000.0,671892117538356.5
32.93892365112159,201926250700000.0,761880521200000.0,673571788321979.2
32.946624135043855,203487182800000.0,764286096500000.0,675251609073824.1
32.95429185667545,205053463100000.0,766695415600000.0,676931328058294.9
32.961927977332046,206625269700000.0,769108656600000.0,678611066898242.8
32.96953277251159,208202602600000.0,771525819500000.0,680290822720876.6
32.97710651492351,209785462000000.0,773946726100000.0,681970469043714.6
32.98464862815409,211373669400000.0,776371732900000.0,683650250543662.8
32.99215939608928,212967224900000.0,778800483400000.0,685329917786239.6
32.999639929138795,214566306800000.0,781233334100000.0,687009714704145.9
33.007089659521256,216170736800000.0,783669928400000.0,688689392485556.5
33.01450885915628,217780514900000.0,786110623000000.0,690369194608158.0
33.02189779620678,219395641100000.0,788555061200000.0,692048873180284.6
33.02925754187791,221016293700000.0,791003599700000.0,693728670789208.8
33.036586737682406,222642116100000.0,793455881800000.0,695408340375956.9
33.0438864536167,224273286600000.0,795912264200000.0,697088124084532.6
33.05115694350702,225909805200000.0,798372568400000.0,698767897351394.0
33.05839845776038,227551671900000.0,800836616400000.0,700447536562046.5
33.06561124342749,229198886700000.0,803304764500000.0,702127282334717.2
33.072794771905585,230851271300000.0,805776834600000.0,703807011174426.4
33.079950067087815,232509004000000.0,808253004900000.0,705486841902485.5
33.08707660515748,234171906600000.0,810732918900000.0,707166530618370.9
33.09417539190691,235840157300000.0,813216754800000.0,708846196183314.6
33.10124515675913,237513399500000.0,815704690900000.0,710525957109964.4
33.10828839541214,239192168100000.0,818196549000000.0,712205690902422.8
33.115303096106615,240875928200000.0,820692329000000.0,713885395519516.0
33.12229098210168,242565036500000.0,823192209200000.0,715565188959362.0
33.12925081167899,244259136300000.0,825696011300000.0,717244949427710.1
33.136184280776725,245958584200000.0,828203735400000.0,718924675216478.9
33.14309016271793,247663023700000.0,830715381400000.0,720604364498432.8
33.1499701263913,249372811200000.0,833231127700000.0,722284134651280.5
33.156822959923005,251087590400000.0,835750795900000.0,723963864642398.0
33.16364960093693,252807539300000.0,838274386000000.0,725643552902439.1
33.17045026627981,254532658100000.0,840802076300000.0,727323316228460.1
33.17722447343246,256262768500000.0,843333688600000.0,729003034472341.6
33.18397313725567,257998048600000.0,845869401100000.0,730682824161027.9
33.19069578012312,259738320400000.0,848409035500000.0,732362565484717.8
33.19739330190322,261483762000000.0,850952591800000.0,734042256951246.2
33.20406522753347,263234195100000.0,853500248400000.0,735722014707745.4
33.210712443060494,264989798000000.0,856051826900000.0,737401719481310.0
33.21733447789939,266750392600000.0,858607505600000.0,739081487014143.0
33.22393153872131,268515978600000.0,861167106300000.0,740761198695831.0
33.230503831755044,270286556300000.0,863730807200000.0,742440969997636.2
33.23705155871818,272062125500000.0,866298430000000.0,744120682637027.2
33.243575570583644,273842864500000.0,868870153000000.0,745800451681485.4
33.25007475860611,275628416800000.0,871445798000000.0,747480159304672.0
33.25654997295143,277418960700000.0,874025543100000.0,749159920368812.9
33.26300204417486,279214674400000.0,876609210200000.0,750839617372252.5
33.26942988130797,281015201400000.0,879196977600000.0,752519364839684.5
33.27583368415887,282820541700000.0,881788666800000.0,754199045783908.2
33.28221490244917,284631051800000.0,884384456300000.0,755878774525512.4
33.28857246248767,286446375200000.0,886984346000000.0,757558549465300.8
33.294907175222804,288266690200000.0,889588157600000.0,759238254190343.2
33.301218604314194,290091818500000.0,892196069400000.0,760918002517739.2
33.30750754786753,291921938300000.0,894808081500000.0,762597793142783.4
33.31377418007767,293757049700000.0,897424015400000.0,764277509964523.2
33.3200180691586,295596974300000.0,900044049600000.0,765957266430252.0
33.3262393966764,297441712300000.0,902668005800000.0,767636947194234.1
33.332438936325595,299291441800000.0,905296062100000.0,769316665116377.5
33.33861567003492,301145806400000.0,907928218600000.0,770996419070786.2
33.34477154735519,303005340700000.0,910564475400000.0,772676207820081.2
33.350904965250436,304869510100000.0,913204654100000.0,774355916571138.8
33.3570166855315,306738492800000.0,915848933000000.0,776035657899792.4
33.36310745361581,308612467000000.0,918497133900000.0,777715317508943.8
33.36917685136597,310491254600000.0,921149613200000.0,779395120189914.5
33.37522447138965,312374677100000.0,923806014500000.0,781074839228022.8
33.38125162108332,314263091200000.0,926466516000000.0,782754586357911.8
33.38725732267062,316156140400000.0,929130939400000.0,784434248067004.6
33.39324286469876,318054181000000.0,931799641300000.0,786114048057622.9
33.39920728013295,319956856800000.0,934472265100000.0,787793760776343.9
33.405151286371535,321864345800000.0,937148989200000.0,789473497552963.2
33.41107503597969,323776648000000.0,939829813400000.0,791153257187791.0
33.4169786803455,325693763600000.0,942514559600000.0,792832927189999.6
33.422861823929004,327615514200000.0,945203584300000.0,794512729659967.5
33.42872516460095,329542078100000.0,947896530900000.0,796192440902988.6
33.43456830993709,331473277000000.0,950593577700000.0,797872171377890.5
33.4403919478847,333409289200000.0,953294724800000.0,799551920232083.5
33.44619622050495,335350114700000.0,955999972000000.0,801231686317453.6
33.45198073961779,337295575200000.0,958709141200000.0,802911358313119.2
33.45774565347146,339245670800000.0,961422588900000.0,804591156471468.4
33.463491630255064,341200579600000.0,964139958500000.0,806270859148950.4
33.46921880581465,343160301700000.0,966861428300000.0,807950575732583.1
33.474926281215765,345124480600000.0,969586998400000.0,809630305527456.5
33.48061523337602,347093472700000.0,972316668600000.0,811310047661843.0
33.486285282974535,349067099900000.0,975050439000000.0,812989801340579.5
33.4919365677962,351045362100000.0,977788309700000.0,814669565888810.9
33.49756972910719,353028437500000.0,980530102300000.0,816349231173290.8
33.50318439169339,355016148000000.0,983276173400000.0,818029014817246.1
33.50878018959379,357008315300000.0,986026166400000.0,819708698080521.9
33.51435825584006,359005295800000.0,988780437900000.0,821388498062754.5
33.51991821923052,361006911400000.0,991538631400000.0,823068196520780.5
33.52546020848923,363013162000000.0,994300925000000.0,824747901376842.5
33.530984351176414,365024047600000.0,997067318900000.0,826427612058998.4
33.53649077343033,367039568200000.0,999837991200000.0,828107435859434.9
33.54197911714001,369059545600000.0,1002612585000000.0,829787155821375.4
33.547450473996214,371084336200000.0,1005391280000000.0,831466880217166.8
33.55290448076086,373113761900000.0,1008174075000000.0,833146607540476.6
33.55834078254565,375147644300000.0,1010960970000000.0,834826337234589.8
33.56375997937649,377186161800000.0,1013751965000000.0,836506068748203.1
33.569162188701256,379229314200000.0,1016547060000000.0,838185801426727.6
33.574547060373156,381276923500000.0,1019346256000000.0,839865535327906.0
33.579915181689124,383329167700000.0,1022149551000000.0,841545268714518.6
33.58526666730948,385386047000000.0,1024956947000000.0,843225002145616.2
33.590601629629084,387447561200000.0,1027768443000000.0,844904734387985.9
33.59591972338295,389513532300000.0,1030584040000000.0,846584465514805.9
33.601221065837954,391583960100000.0,1033403736000000.0,848264193919552.6
33.606506679095084,393659201100000.0,1036227533000000.0,849943920174624.9
33.6117753132096,395738720700000.0,1039055430000000.0,851623643173177.6
33.617027984968615,397822875200000.0,1041887427000000.0,853303362514422.0
33.62226480064823,399911664800000.0,1044723703000000.0,854983183607736.5
33.627485421388364,402004911200000.0,1047563901000000.0,856662894516312.9
33.63269039840731,404102792500000.0,1050408199000000.0,858342600170386.9
33.63787895702414,406204952400000.0,1053256597000000.0,860022300182982.8
33.64305208484191,408311747200000.0,1056109273000000.0,861702098987360.9
33.64820988260569,410423177100000.0,1058965872000000.0,863381786956427.8
33.65335201734072,412539063800000.0,1061826749000000.0,865061572353318.2
33.658478593412745,414659407100000.0,1064691548000000.0,866741245777678.1
33.66358971529476,416784207300000.0,1067560625000000.0,868421015589483.0
33.66868548492624,418913464100000.0,1070433803000000.0,870100777643893.8
33.673766427845585,421047356000000.0,1073311080000000.0,871780530309397.0
33.67883221683784,423185704700000.0,1076192280000000.0,873460170526272.9
33.68388253200513,425328331800000.0,1079077758000000.0,875139904990981.5
33.68891831261718,427475594000000.0,1081967515000000.0,876819733637127.1
33.69393964939422,429627491100000.0,1084861194000000.0,878499448389953.1
33.69894580744854,431783666800000.0,1087758972000000.0,880179151795705.2
33.70393729893516,433944299200000.0,1090660852000000.0,881858845348250.5
33.70891421840613,436109388300000.0,1093567009000000.0,883538629855540.6
33.71387665968401,438278934200000.0,1096477267000000.0,885218403104568.0
33.71882471541535,440452936900000.0,1099391447000000.0,886898061588062.5
33.723758477089305,442631396300000.0,1102309905000000.0,888577810163991.2
33.72867803550552,444814312400000.0,1105232463000000.0,890257545908747.6
33.73358348078109,447001685300000.0,1108159122000000.0,891937269070233.4
33.738474901912134,449193515000000.0,1111089880000000.0,893616978177189.1
33.743351991789,451389623100000.0,1114024918000000.0,895296776597436.9
33.74821562980086,453590366300000.0,1116963877000000.0,896976458547121.9
33.75306511399653,455795387900000.0,1119907115000000.0,898656228315880.2
33.757900925095456,458004866300000.0,1122854453000000.0,900335983383663.6
33.7627227601165,460218623100000.0,1125805891000000.0,902015723534473.6
33.76753147982339,462437015000000.0,1128761429000000.0,903695448460710.5
33.772326394221274,464659685400000.0,1131721068000000.0,905375158423590.8
33.77710797270038,466886812500000.0,1134684806000000.0,907054852078957.9
33.781875916791094,469118218100000.0,1137652824000000.0,908734631659495.9
33.786630690569986,471354080400000.0,1140624941000000.0,910414394380170.8
33.79137237404836,473594399500000.0,1143601159000000.0,912094141075028.9
33.79610067155689,475838997100000.0,1146581477000000.0,913773870977232.6
33.800816039405596,478088051400000.0,1149565895000000.0,915453583887476.2
33.805518555313064,480341562500000.0,1152554413000000.0,917133279515912.5
33.81020792639168,482599352000000.0,1155547210000000.0,918813058134692.4
33.814884234078114,484861420000000.0,1158544107000000.0,920492819034510.5
33.81954792483474,487127944800000.0,1161544926000000.0,922172462391437.1
33.82419907322814,489398926400000.0,1164550201000000.0,923852286682352.5
33.82883739029028,491674186400000.0,1167559399000000.0,925531993655176.1
33.83346295443726,493953724900000.0,1170572697000000.0,927211682148978.8
33.838076202233346,496237720100000.0,1173590273000000.0,928891451064210.9
33.84267684800309,498525993800000.0,1176611949000000.0,930571200994990.9
33.84726532379345,500818724300000.0,1179637726000000.0,932250932314594.1
33.85184134544728,503115733200000.0,1182667603000000.0,933930644286284.2
33.85640534057668,505417198900000.0,1185701580000000.0,935610336731329.1
33.86095667595485,507722764800000.0,1188739836000000.0,937290108524730.5
33.865496128796146,510032787500000.0,1191782192000000.0,938969860479909.1
33.8700237667207,512347266900000.0,1194828648000000.0,940649592334237.8
33.874538964255805,514665846500000.0,1197879204000000.0,942329304002011.4
33.87904248711101,516988882900000.0,1200934039000000.0,944009093827955.6
33.883534057896455,519316197800000.0,1203992795000000.0,945688764784164.5
33.88801408818662,521647969400000.0,1207055830000000.0,947368513292927.9
33.89248196236953,523983841200000.0,1210122966000000.0,949048241525283.8
33.89693843104153,526324169700000.0,1213194201000000.0,950727948306595.0
33.90138322087223,528668776800000.0,1216269715000000.0,952407731785457.6
33.905816398952524,531017662300000.0,1219349330000000.0,954087494531737.1
33.91023836661888,533371004600000.0,1222433044000000.0,955767235292653.9
33.91464851988831,535728447000000.0,1225520859000000.0,957446955081567.4
33.919047591917334,538090346300000.0,1228612774000000.0,959126653279427.4
33.923434983233534,540456345700000.0,1231708967000000.0,960806426381858.4
33.927811419788895,542826801900000.0,1234809082000000.0,962486081175634.8
33.93217663416222,545201536600000.0,1237913654000000.0,964165907240352.4
33.93653036392319,547580371400000.0,1241022148000000.0,965845614980334.6
33.94087332488163,549963663100000.0,1244134742000000.0,967525300638013.9
33.945205251886684,552351233200000.0,1247251615000000.0,969205060527362.8
33.94952620682077,554743081800000.0,1250372588000000.0,970884797983856.5
33.95383625084133,557139208900000.0,1253497661000000.0,972564512939672.0
33.95813544439126,559539614400000.0,1256627013000000.0,974244301412373.5
33.962423530629614,561944120200000.0,1259760286000000.0,975923971248463.1
33.96670120470562,564353082700000.0,1262897838000000.0,977603714297871.6
33.97096820719519,566766323700000.0,1266039490000000.0,979283434455813.1
33.97522428338388,569183664900000.0,1269185421000000.0,980963227318222.4
33.979470118971484,571605462800000.0,1272335274000000.0,982642902198235.6
33.983705146644134,574031361000000.0,1275489405000000.0,984322648871739.9
33.987929736326116,576461537600000.0,1278647636000000.0,986002372438334.5
33.99214425272319,578896171000000.0,1281810146000000.0,987682167833578.1
33.99634782788475,581334726300000.0,1284976578000000.0,989361845451810.5
34.00054144138444,583777738400000.0,1288147288000000.0,991041594159284.1
34.00472484032558,586225029000000.0,1291322098000000.0,992721319393346.9
34.00889777629389,588676419700000.0,1294501187000000.0,994401115756604.1
34.013060609208075,591132089000000.0,1297684198000000.0,996080794634413.4
34.01721339242893,593592036700000.0,1300871487000000.0,997760543830833.1
34.02135617937734,596056262900000.0,1304062877000000.0,999440269884039.6
34.025488725128554,598524589400000.0,1307258367000000.0,1001119972288886.9
34.029611678574,600997372500000.0,1310458135000000.0,1002799744433798.4
34.03372420210533,603474077600000.0,1313662003000000.0,1004479492775605.8
34.03782723705869,605955239500000.0,1316869972000000.0,1006159217861554.6
34.04192024477514,608440501600000.0,1320082041000000.0,1007838919112039.4
34.046003571163475,610930042100000.0,1323298388000000.0,1009518689513152.4
34.05007726659128,613423861100000.0,1326518836000000.0,1011198436450440.8
34.05414109152931,615921780400000.0,1329743384000000.0,1012878159425477.2
34.05819538686791,618423978100000.0,1332972032000000.0,1014557858462577.1
34.06224020173562,620930454300000.0,1336204958000000.0,1016237625994798.6
34.06627529870899,623441030700000.0,1339441985000000.0,1017917369961305.8
34.07030101425796,625955885600000.0,1342683112000000.0,1019597089867594.4
34.07431711244956,628474840700000.0,1345928339000000.0,1021276785738273.2
34.078323926642604,630998074300000.0,1349177844000000.0,1022956549611939.8
34.08232150366656,633525586300000.0,1352431450000000.0,1024636289823469.5
34.08630961013043,636057198600000.0,1355689156000000.0,1026316005881280.0
34.09028857466618,638593089400000.0,1358951140000000.0,1027995789473725.2
34.09425816487305,641133080300000.0,1362217047000000.0,1029675457815360.5
34.09821870685831,643677349800000.0,1365487232000000.0,1031355193509722.5
34.10216996951731,646225719400000.0,1368761695000000.0,1033034996350634.0
34.10611227584959,648778367500000.0,1372040080000000.0,1034714683735735.0
34.110045396655735,651335115900000.0,1375322744000000.0,1036394438600324.4
34.113969651564176,653896142700000.0,1378609508000000.0,1038074169259734.9
34.11788481280545,656461269700000.0,1381900372000000.0,1039753875740078.2
34.12179119745091,659030675200000.0,1385195515000000.0,1041433649317278.4
34.12568857914648,661604181000000.0,1388494758000000.0,1043113398653302.8
34.1295772718377,664181965200000.0,1391798101000000.0,1044793123775008.5
34.133457050578464,666763849600000.0,1395105544000000.0,1046472824708835.6
34.13732796045743,669349834200000.0,1398417266000000.0,1048152592346270.4
34.14119031155579,671940097300000.0,1401733088000000.0,1049832335808032.6
34.145043880856896,674534460600000.0,1405053010000000.0,1051512055120576.2
34.1488889757202,677133102400000.0,1408377033000000.0,1053191750816049.2
34.15272537450932,679735844400000.0,1411705334000000.0,1054871512249929.2
34.15655312059524,682342686600000.0,1415037735000000.0,1056551249573627.5
34.16037251731842,684953807300000.0,1418374236000000.0,1058230962814014.2
34.16418334508361,687569028200000.0,1421714838000000.0,1059910652500325.4
34.167985646270324,690188349300000.0,1425059718000000.0,1061590407616103.2
34.17177972028555,692811948900000.0,1428408698000000.0,1063270138687828.9
34.17556534955141,695439648700000.0,1431761956000000.0,1064949934910256.0
34.17934257548667,698071448700000.0,1435119137000000.0,1066629618544291.2
34.183111693647795,700707527200000.0,1438480596000000.0,1068309367231997.0
34.18687248845067,703347705900000.0,1441846156000000.0,1069989092440854.2
34.19062500038284,705991984800000.0,1445215815000000.0,1071668793269101.9
34.19436952123071,708640542200000.0,1448589753000000.0,1073348559360383.1
34.19810558671029,711293021500000.0,1451967791000000.0,1075028301582701.9
34.20183373867952,713949779300000.0,1455349930000000.0,1076708020528683.9
34.20555401362438,716610815600000.0,1458736347000000.0,1078387803952677.2
34.209265951989984,719275773800000.0,1462126686000000.0,1080067475360606.5
34.212970089316975,721945010600000.0,1465521303000000.0,1081747211220643.0
34.21666621493564,724618347500000.0,1468920199000000.0,1083427011837695.6
34.220354367114595,727295784600000.0,1472323016000000.0,1085106700375397.2
34.22403458383501,729977322000000.0,1475730113000000.0,1086786454136018.2
34.22770714574289,732663137800000.0,1479141309000000.0,1088466183801991.6
34.231371602650036,735352875500000.0,1482556606000000.0,1090145890451327.9
34.23502847753489,738046891800000.0,1485976181000000.0,1091825661122636.2
34.238677563513754,740745008200000.0,1489399856000000.0,1093505408297518.2
34.24231889733228,743447224900000.0,1492827632000000.0,1095185132558726.1
34.2459525150615,746153541800000.0,1496259508000000.0,1096864833507825.2
34.24957869060233,748864137100000.0,1499695662000000.0,1098544598185531.1
34.253196982851684,751578654400000.0,1503135916000000.0,1100224339562763.0
34.25680790242978,754297450200000.0,1506580271000000.0,1101904058218974.9
34.26041124628354,757020346100000.0,1510028726000000.0,1103583753690541.8
34.26400704959495,759747342300000.0,1513481459000000.0,1105263512665592.5
34.267595346895554,762478438700000.0,1516938293000000.0,1106943249019177.2
34.27117617259882,765213635300000.0,1520399227000000.0,1108622962355010.0
34.27474956100023,767952932200000.0,1523864439000000.0,1110302739049223.9
34.278315545758375,770696329200000.0,1527333573000000.0,1111982406618401.1
34.28187416068008,773443826400000.0,1530806986000000.0,1113662138001781.5
34.28542543932936,776195423900000.0,1534284677000000.0,1115341932598344.6
34.28896964354212,778951299800000.0,1537766290000000.0,1117021618476499.9
34.29250634793266,781711097700000.0,1541252182000000.0,1118701367956707.0
34.29603581480848,784474995800000.0,1544742173000000.0,1120381094352502.2
34.29955830302355,787243172300000.0,1548236444000000.0,1122060884700023.6
34.30307339132937,790015270800000.0,1551734636000000.0,1123740566504351.4
34.306581563823244,792791647800000.0,1555237107000000.0,1125420311749228.0
34.31008240172863,795571946700000.0,1558743677000000.0,1127100034093630.0
34.313576385660575,798356524100000.0,1562254527000000.0,1128779820225807.2
34.31706309966746,801145023500000.0,1565769298000000.0,1130459498464817.5
34.320542798764436,803937623000000.0,1569288348000000.0,1132139240044911.2
34.32401573502438,806734501000000.0,1572811498000000.0,1133818959445539.8
34.327481496495665,809535301000000.0,1576338926000000.0,1135498741515908.5
34.330940335343136,812340201200000.0,1579870277000000.0,1137178417349444.5
34.334392281862094,815149201600000.0,1583405906000000.0,1138858155884390.0
34.33783736613926,817962302200000.0,1586945813000000.0,1140537957006040.2
34.341275835287185,820779681300000.0,1590489643000000.0,1142217652275800.0
34.344707283772095,823600982300000.0,1594037750000000.0,1143897409564851.5
34.348131743298985,826426205200000.0,1597589958000000.0,1145577145658717.5
34.351549675492656,829255706700000.0,1601146267000000.0,1147256860638663.8
34.35496089269578,832089308300000.0,1604706675000000.0,1148936553579973.2
34.35836542402454,834927010200000.0,1608271362000000.0,1150616309385160.2
34.36176308521116,837768634000000.0,1611840149000000.0,1152296043749802.8
34.36515411901036,840614358000000.0,1615413036000000.0,1153975756815955.8
34.36853876509544,843464360500000.0,1618990202000000.0,1155655532658461.8
34.371916628066586,846318284900000.0,1622571468000000.0,1157335287204368.8
34.37528794805339,849176309600000.0,1626156835000000.0,1159015021062866.5
34.37865275253852,852038434400000.0,1629746301000000.0,1160694733376275.0
34.382010860729665,854904481200000.0,1633339868000000.0,1162374425219572.2
34.38536271768028,857774806500000.0,1636937713000000.0,1164054179307757.5
34.38870793412765,860649053700000.0,1640539658000000.0,1165733912518549.0
34.3920467456117,863527401100000.0,1644145704000000.0,1167413625455614.5
34.39537917893299,866409848700000.0,1647756028000000.0,1169093400548038.2
34.398705260830695,869296396600000.0,1651370452000000.0,1170773154959665.0
34.40202501752362,872187044600000.0,1654988976000000.0,1172452888767337.0
34.405338271765004,875081614600000.0,1658611601000000.0,1174132602570256.5
34.40864545772156,877980463100000.0,1662238326000000.0,1175812295980351.5
34.4119461944882,880883233500000.0,1665869329000000.0,1177492051418344.2
34.41524071157223,883790104100000.0,1669504433000000.0,1179171787041066.8
34.41852883359177,886700896700000.0,1673143637000000.0,1180851502519203.5
34.42181098856684,889615967700000.0,1676787119000000.0,1182531279991917.5
34.42508680046782,892534960700000.0,1680434523000000.0,1184210955403786.8
34.42835649534955,895458053900000.0,1684086206000000.0,1185890693289565.5
34.43161989966882,898385069000000.0,1687742167000000.0,1187570493134123.5
34.43487743576971,901316362600000.0,1691402050000000.0,1189250191439508.8
34.438128732073025,904251578200000.0,1695066212000000.0,1190929952122367.5
34.44137401126348,907190893900000.0,1698734473000000.0,1192609692702953.8
34.444613101940156,910134131600000.0,1702406835000000.0,1194289414226177.8
34.447846420564495,913081647800000.0,1706083298000000.0,1195969116762500.5
34.451073599928534,916033085900000.0,1709764038000000.0,1197648880701992.5
34.45429466584394,918988446000000.0,1713448879000000.0,1199328625817465.8
34.45751003041609,921948084500000.0,1717137820000000.0,1201008351722954.5
34.46071932995983,924911645000000.0,1720830862000000.0,1202688058942774.5
34.46392278174348,927879305700000.0,1724528181000000.0,1204367827562578.5
34.46712040898025,930851066600000.0,1728229423000000.0,1206047496821617.0
34.47031204380366,933826749400000.0,1731934943000000.0,1207727227947891.2
34.4734979013944,936806532500000.0,1735644742000000.0,1209407021338429.0
34.47667781469483,939790237500000.0,1739358463000000.0,1211086715467008.2
34.47985218627822,942778220900000.0,1743076462000000.0,1212766471418351.2
34.483020660103435,945770126400000.0,1746798561000000.0,1214446208750960.8
34.48618325999108,948765953700000.0,1750524761000000.0,1216125928093716.8
34.489340384702594,951766059500000.0,1754255061000000.0,1217805629061868.5
34.49249149439597,954769909000000.0,1757989639000000.0,1219485391838299.2
34.495637172899684,957778037000000.0,1761728317000000.0,1221165136393301.5
34.49877706909322,960790086900000.0,1765471096000000.0,1222844863240593.0
34.50191139147719,963806237100000.0,1769217975000000.0,1224524572050777.8
34.50503997694451,966826309100000.0,1772969132000000.0,1226204342651490.5
34.508163032658146,969850481400000.0,1776724390000000.0,1227884095812294.2
34.51128057976419,972878753900000.0,1780483747000000.0,1229563830702233.5
34.514392456682984,975910948300000.0,1784247384000000.0,1231243628224462.5
34.517498868345115,978947243000000.0,1788014229000000.0,1232923010386619.5
34.520599835405406,981987637800000.0,1791786422000000.0,1234602931159623.2
34.523695197792705,985031954600000.0,1795562180000000.0,1236282596262748.8
34.526785158141145,988080371600000.0,1799343287000000.0,1237962799086854.2
34.52986955713519,991132710600000.0,1803126177000000.0,1239641955648178.0
34.53294859593069,994189149700000.0,1806914414000000.0,1241321648577981.8
34.536022116164936,997249510800000.0,1810708000000000.0,1243001877667768.0
34.53909031763179,1000313972000000.0,1814503368000000.0,1244681063674585.0
34.54215322101038,1003382534000000.0,1818304084000000.0,1246360784882652.0
34.545210667510894,1006455017000000.0,1822110149000000.0,1248041040644924.0
34.54826285680714,1009531601000000.0,1825917996000000.0,1249720256868728.8
34.55130963075533,1012612106000000.0,1829731191000000.0,1251400006744648.2
34.55435118769243,1015696712000000.0,1833549735000000.0,1253080289630879.5
34.55738737129639,1018785240000000.0,1837370061000000.0,1254759536550187.2
34.56041837661573,1021877868000000.0,1841195735000000.0,1256439315580453.2
34.56344404914082,1024974418000000.0,1845026757000000.0,1258119625646007.2
34.56646458262389,1028075068000000.0,1848859562000000.0,1259798903729606.5
34.569479823371026,1031179640000000.0,1852697716000000.0,1261478712828730.0
34.57248996385205,1034288312000000.0,1856539434000000.0,1263158271489161.5
34.57549502372924,1037401085000000.0,1860386501000000.0,1264838359815266.8
34.57849484859367,1040517779000000.0,1864237133000000.0,1266518198470936.0
34.581489459430415,1043638395000000.0,1868091330000000.0,1268197788116397.0
34.584479047140555,1046763112000000.0,1871949093000000.0,1269877129792576.0
34.587463629021094,1049891929000000.0,1875812204000000.0,1271556998951885.0
34.59044305323924,1053024667000000.0,1879678880000000.0,1273236620030884.2
34.59341734125346,1056161328000000.0,1883550904000000.0,1274916767361601.5
34.596386679586075,1059302089000000.0,1887426494000000.0,1276596667471718.0
34.59935108606884,1062446950000000.0,1891305649000000.0,1278276320475667.8
34.602310244347116,1065595555000000.0,1895188370000000.0,1279955727453091.8
34.60526467465798,1068748438000000.0,1899076439000000.0,1281635658953466.0
34.608214060928546,1071905243000000.0,1902968073000000.0,1283315344312476.5
34.611158422049265,1075065970000000.0,1906863272000000.0,1284994784172597.8
34.61409794281195,1078230798000000.0,1910763820000000.0,1286674747491831.8
34.61703247397494,1081399547000000.0,1914667933000000.0,1288354465676153.5
34.61996219915417,1084572396000000.0,1918575611000000.0,1290033939313572.5
34.62288697264741,1087749168000000.0,1922488638000000.0,1291713934921741.2
34.625806810969074,1090929861000000.0,1926405230000000.0,1293393686392898.8
34.628721896892465,1094114655000000.0,1930325387000000.0,1295073194310183.5
34.631632245311124,1097303548000000.0,1934250892000000.0,1296753222289746.8
34.63453755119165,1100496186000000.0,1938179963000000.0,1298433007499998.5
34.63743831680111,1103693102000000.0,1942112599000000.0,1300112550091698.0
34.64033407384205,1106893761000000.0,1946050584000000.0,1301792611749547.5
34.64322516395386,1110098521000000.0,1949992133000000.0,1303472430765027.2
34.64611160248045,1113307381000000.0,1953937248000000.0,1305152008515591.0
34.648993246158994,1116520163000000.0,1957885929000000.0,1306831345572271.5
34.65187011243635,1119736867000000.0,1961839958000000.0,1308511199629273.0
34.65474237716942,1122957671000000.0,1965797552000000.0,1310190812962518.8
34.65760989818827,1126182397000000.0,1969760494000000.0,1311870942061226.0
34.660472850252674,1129411223000000.0,1973727001000000.0,1313550830782713.5
34.663330934762214,1132643793000000.0,1977697074000000.0,1315230480163723.5
34.6661846401472,1135880641000000.0,1981670712000000.0,1316909890344362.2
34.66903351269307,1139121234000000.0,1985649699000000.0,1318589815089159.8
34.67187788038837,1142365926000000.0,1989632251000000.0,1320269501020578.8
34.67471775946861,1145614718000000.0,1993618368000000.0,1321948948650185.2
34.677553011141875,1148867433000000.0,1997609833000000.0,1323628908979004.2
34.68038365017001,1152124069000000.0,2001604864000000.0,1325308631810317.8
34.6832096938384,1155384627000000.0,2005603460000000.0,1326988117325802.0
34.68603131295784,1158649286000000.0,2009607404000000.0,1328668114199685.8
34.688848367537574,1161917866000000.0,2013614914000000.0,1330347874509524.5
34.69166102821058,1165190547000000.0,2017625989000000.0,1332027398386573.0
34.694469156546944,1168467150000000.0,2021642412000000.0,1333707432192826.8
34.69727276766432,1171747674000000.0,2025662400000000.0,1335387229942769.0
34.700072030639646,1175032299000000.0,2029685954000000.0,1337066792600526.5
34.70286680808093,1178320846000000.0,2033713074000000.0,1338746120709294.8
34.70565711485475,1181613314000000.0,2037745541000000.0,1340425956783108.8
34.708442968282306,1184909705000000.0,2041783356000000.0,1342106300306885.8
34.711224532860335,1188210196000000.0,2045822955000000.0,1343785668654419.0
34.714001822797385,1191514787000000.0,2049867901000000.0,1345465543553939.5
34.716774553439144,1194823121000000.0,2053916413000000.0,1347145185179603.8
34.719543040122616,1198135556000000.0,2057968490000000.0,1348824593698633.2
34.72230714783224,1201451913000000.0,2062025915000000.0,1350504507869192.5
34.725067039444276,1204772370000000.0,2066086905000000.0,1352184189249543.5
34.727822434108845,1208096571000000.0,2070153244000000.0,1353864375556198.2
34.730573788815335,1211425050000000.0,2074221366000000.0,1355543593868676.8
34.73332067643681,1214757273000000.0,2078294835000000.0,1357223315847371.2
34.73606340525261,1218093596000000.0,2082373653000000.0,1358903541401320.8
34.73880184306374,1221433841000000.0,2086454253000000.0,1360582801667873.2
34.74153600452623,1224778008000000.0,2090540201000000.0,1362262564710136.0
34.744265903403075,1228126096000000.0,2094631498000000.0,1363942830028073.8
34.746991701177784,1231478286000000.0,2098724577000000.0,1365622133202141.8
34.74971326450158,1234834397000000.0,2102823004000000.0,1367301937809183.5
34.75243075229575,1238194608000000.0,2106924997000000.0,1368981513251796.5
34.75514389092816,1241558563000000.0,2111032338000000.0,1370661589006151.0
34.75785298172478,1244926618000000.0,2115143244000000.0,1372341435579354.8
34.7605578950542,1248298595000000.0,2119257716000000.0,1374021053896137.8
34.763258787177236,1251674672000000.0,2123375753000000.0,1375700444062581.0
34.765955529095415,1255054671000000.0,2127499138000000.0,1377380332995681.0
34.768648134716685,1258438592000000.0,2131626088000000.0,1379059994120748.8
34.77133661866814,1261826436000000.0,2135758387000000.0,1380740153353216.5
34.77402099312442,1265218201000000.0,2139892468000000.0,1382419360931452.2
34.776701412880215,1268614066000000.0,2144031898000000.0,1384099066232094.8
34.779377750492586,1272013853000000.0,2148176675000000.0,1385779267509060.2
34.782050019512624,1275417562000000.0,2152323235000000.0,1387458520543357.5
34.7847183726109,1278825371000000.0,2156475144000000.0,1389138269981100.2
34.78738254444657,1282236924000000.0,2160632400000000.0,1390818514127157.8
34.79004282715091,1285652578000000.0,2164791439000000.0,1392497813058504.5
34.79269909325149,1289072153000000.0,2168955826000000.0,1394177606720200.2
34.79535135673487,1292495650000000.0,2173123779000000.0,1395857176134050.8
34.79799976809319,1295923247000000.0,2177297080000000.0,1397537239184869.5
34.800644202317606,1299354766000000.0,2181473946000000.0,1399217077870278.0
34.80328467241567,1302790207000000.0,2185654377000000.0,1400896692729329.0
34.805921192093535,1306229571000000.0,2189838374000000.0,1402576084700092.8
34.80855377269218,1309672856000000.0,2194027719000000.0,1404255968880991.2
34.811182563342285,1313120241000000.0,2198220630000000.0,1405935630495769.5
34.81380744052071,1316571548000000.0,2202418888000000.0,1407615782794979.8
34.816428416909275,1320026777000000.0,2206618929000000.0,1409294999988189.2
34.819045505125125,1323485928000000.0,2210824318000000.0,1410974707928539.0
34.82165871772118,1326949001000000.0,2215035056000000.0,1412654906148646.8
34.82426820173095,1330416175000000.0,2219247576000000.0,1414334171802838.2
34.82687383358597,1333887270000000.0,2223465444000000.0,1416013926915942.2
34.829475626407,1337362287000000.0,2227688660000000.0,1417694170626437.8
34.832073592498716,1340841226000000.0,2231913659000000.0,1419373485090015.0
34.834667744103704,1344324087000000.0,2236144007000000.0,1421053288211628.5
34.83725822546895,1347811048000000.0,2240377919000000.0,1422732870985528.0
34.839844784241045,1351301753000000.0,2244617180000000.0,1424412941349764.2
34.84242769627254,1354796558000000.0,2248860006000000.0,1426092792115065.5
34.84500684150014,1358295285000000.0,2253106397000000.0,1427772423757682.8
34.847582231866554,1361797934000000.0,2257356354000000.0,1429451837188713.5
34.85015400962875,1365304683000000.0,2261611659000000.0,1431131736374592.5
34.85272192552865,1368815176000000.0,2265870529000000.0,1432811417258209.0
34.8552862517474,1372329769000000.0,2270134748000000.0,1434491583275385.0
34.857846869621966,1375848284000000.0,2274400749000000.0,1436170829442972.8
34.86040379080515,1379370721000000.0,2278672098000000.0,1437850559973667.5
34.862957026892126,1382897080000000.0,2282948795000000.0,1439530774024291.2
34.86550658942084,1386427361000000.0,2287227275000000.0,1441210071495529.8
34.86805261793349,1389961742000000.0,2291511103000000.0,1442889852111455.2
34.8705948666898,1393499866000000.0,2295798497000000.0,1444569416943166.8
34.87313360429497,1397042091000000.0,2300091238000000.0,1446249463522422.0
34.8756687132852,1400588238000000.0,2304387545000000.0,1447929294612600.0
34.878200204921846,1404138307000000.0,2308687418000000.0,1449608910714437.8
34.880728090411274,1407692298000000.0,2312990856000000.0,1451288311936511.5
34.88325238019666,1411250210000000.0,2317299641000000.0,1452968193532192.5
34.88577308679446,1414812045000000.0,2321611993000000.0,1454647861358530.5
34.88829034603335,1418377980000000.0,2325929692000000.0,1456328008522340.2
34.890803916894164,1421947658000000.0,2330249174000000.0,1458007248657150.5
34.8933140624004,1425521437000000.0,2334574004000000.0,1459686968185748.5
34.89582066653955,1429099137000000.0,2338904183000000.0,1461367166631084.8
34.89832374154806,1432680760000000.0,2343236144000000.0,1463046460413634.2
34.90082329750749,1436266305000000.0,2347573453000000.0,1464726232392108.8
34.903319344454566,1439855771000000.0,2351916110000000.0,1466406481745750.5
34.90581189376701,1443449159000000.0,2356260550000000.0,1468085829600678.5
34.90830095676448,1447046470000000.0,2360610338000000.0,1469765654498824.5
34.910786665344716,1450647880000000.0,2364963691000000.0,1471445267665398.5
34.91326890810326,1454253213000000.0,2369322393000000.0,1473125357199910.0
34.91574757204726,1457862289000000.0,2373684660000000.0,1474805235320962.8
34.9182229127919,1461475465000000.0,2378050492000000.0,1476484902511173.5
34.92069481900146,1465092564000000.0,2382419890000000.0,1478164359596127.2
34.9231632996413,1468713584000000.0,2386794636000000.0,1479844291354447.8
34.92562836567891,1472338526000000.0,2391172947000000.0,1481524012936353.2
34.928090027348965,1475967390000000.0,2395554823000000.0,1483203524818987.5
34.930548294837905,1479600176000000.0,2399942048000000.0,1484883510619686.5
34.93300317828423,1483236884000000.0,2404332838000000.0,1486563287031048.0
34.935454687778794,1486877514000000.0,2408727194000000.0,1488242854909056.2
34.937902952786374,1490522244000000.0,2413125114000000.0,1489922213923028.0
34.9403477441694,1494170718000000.0,2417528384000000.0,1491602045897246.0
34.942789310430754,1497823292000000.0,2421935218000000.0,1493281669313007.8
34.94522742350615,1501479610000000.0,2426347400000000.0,1494961763961546.2
34.947662330643865,1505140028000000.0,2430763148000000.0,1496641651118092.8
34.950093922819455,1508804368000000.0,2435182462000000.0,1498321331211162.2
34.952522209140874,1512472629000000.0,2439605340000000.0,1500000803946469.0
34.954947083252854,1516144635000000.0,2444033567000000.0,1501680747005119.0
34.95736878860356,1519820740000000.0,2448465359000000.0,1503360483423092.5
34.95978721845658,1523500768000000.0,2452900717000000.0,1505040014003623.0
34.96220238174209,1527184718000000.0,2457341423000000.0,1506720013369953.2
34.964614287352454,1530872589000000.0,2461785694000000.0,1508399806816540.2
34.967022946097416,1534564383000000.0,2466233530000000.0,1510079394802591.0
34.96942848184538,1538260276000000.0,2470684932000000.0,1511758778125624.2
34.97183067360497,1541959914000000.0,2475141682000000.0,1513438628917847.8
34.97422964544317,1545663473000000.0,2479601998000000.0,1515118275375067.5
34.976625407339036,1549370954000000.0,2484067661000000.0,1516798388015913.0
34.97901808318985,1553082535000000.0,2488536890000000.0,1518478296575391.2
34.98140745274475,1556797860000000.0,2493009684000000.0,1520158001130132.0
34.98379364009131,1560517107000000.0,2497486044000000.0,1521837502543654.2
34.9861767688226,1564240455000000.0,2501967752000000.0,1523517469210599.8
34.98855661892062,1567967546000000.0,2506451242000000.0,1525196564864507.5
34.99093331353252,1571698558000000.0,2510941864000000.0,1526876792989927.2
34.99330697595401,1575433671000000.0,2515434268000000.0,1528556151608263.5
34.995677388306504,1579172528000000.0,2519932020000000.0,1530235974215125.8
34.99804478524975,1582915485000000.0,2524433337000000.0,1531915594730974.0
35.00040895053234,1586662186000000.0,2528940003000000.0,1533595678674609.8
35.00277011703897,1590412986000000.0,2533450234000000.0,1535275560808178.0
35.005128070759746,1594167531000000.0,2537964030000000.0,1536955241573724.8
35.00748304344044,1597926176000000.0,2542481392000000.0,1538634721783566.0
35.009834931296176,1601688742000000.0,2547004102000000.0,1540314663757223.2
35.01218363280337,1605455052000000.0,2551530377000000.0,1541994405079763.8
35.0145293792695,1609225463000000.0,2556060218000000.0,1543673946559522.0
35.01687195660798,1612999617000000.0,2560595407000000.0,1545353948751197.2
35.01921159563039,1616777872000000.0,2565134161000000.0,1547033751002828.2
35.02154808321491,1620559870000000.0,2569676480000000.0,1548713353748947.2
35.02388164844431,1624345968000000.0,2574222365000000.0,1550392757792454.8
35.02621208038759,1628135810000000.0,2578773598000000.0,1552072621302224.5
35.02853960640853,1631929752000000.0,2583328397000000.0,1553752286377706.0
35.03086401652198,1635727438000000.0,2587888544000000.0,1555432410002356.5
35.03318553700102,1639529224000000.0,2592450473000000.0,1557111678760699.5
35.03550395819133,1643334753000000.0,2597017750000000.0,1558791405744531.2
35.03781950650191,1647144383000000.0,2601590376000000.0,1560471590570605.0
35.040131973210016,1650957757000000.0,2606164784000000.0,1562150922990189.0
35.04244158243182,1654775231000000.0,2610744540000000.0,1563830712560986.0
35.04474812637818,1658596448000000.0,2615327862000000.0,1565510305507963.5
35.04705182930618,1662421766000000.0,2619916532000000.0,1567190354697634.5
35.04935248374542,1666250827000000.0,2624508767000000.0,1568870207158711.5
35.05165020570883,1670083810000000.0,2629104568000000.0,1570549863713482.0
35.053945110186355,1673920894000000.0,2633703934000000.0,1572229324381389.8
35.056236991084646,1677761721000000.0,2638308648000000.0,1573909240064932.0
35.05852596357,1681606470000000.0,2642916927000000.0,1575588960154090.0
35.06081203559408,1685455141000000.0,2647528772000000.0,1577268485430410.2
35.06309521507442,1689307734000000.0,2652145965000000.0,1578948464695642.2
35.06537561502317,1693164427000000.0,2656766724000000.0,1580628249367925.8
35.0676530327938,1697024864000000.0,2661391047000000.0,1582307839134810.8
35.06992758157114,1700889223000000.0,2666020719000000.0,1583987882196594.2
35.07219926913807,1704757504000000.0,2670652174000000.0,1585667084912479.5
35.07446810265904,1708629706000000.0,2675288976000000.0,1587346739876152.2
35.07673409102264,1712505831000000.0,2679931127000000.0,1589026847080502.0
35.078997137037305,1716385699000000.0,2684576844000000.0,1590706761087469.0
35.081257457167695,1720269668000000.0,2689226125000000.0,1592386481583134.0
35.08351495392756,1724157558000000.0,2693878972000000.0,1594066009663853.0
35.08576963606496,1728049371000000.0,2698537167000000.0,1595745988414522.0
35.088021407201275,1731944927000000.0,2703197145000000.0,1597425132555225.2
35.0902704812195,1735844583000000.0,2707864254000000.0,1599105368988934.8
35.09251666029086,1739747983000000.0,2712533145000000.0,1600784771825379.2
35.09476015673168,1743655483000000.0,2717207384000000.0,1602464624161356.2
35.09700077357075,1747566727000000.0,2721885189000000.0,1604144285411629.2
35.0992386199457,1751481892000000.0,2726568342000000.0,1605824395314329.2
35.10147370436373,1755400980000000.0,2731253278000000.0,1607503675302648.5
35.10370613476107,1759324168000000.0,2735943561000000.0,1609183403232376.8
35.10593571586465,1763251100000000.0,2740639193000000.0,1610863579102579.5
35.10816255578222,1767181953000000.0,2745336608000000.0,1612542927368161.8
35.11038666232423,1771116728000000.0,2750039370000000.0,1614222722574045.2
35.112607942987474,1775055248000000.0,2754745698000000.0,1615902328431799.2
35.11482660460547,1778997867000000.0,2759457374000000.0,1617582380747416.0
35.117042454558806,1782944230000000.0,2764172616000000.0,1619262243949947.8
35.1192556998608,1786894693000000.0,2768891423000000.0,1620941918076249.0
35.12146604876019,1790848722000000.0,2773613795000000.0,1622621403550875.5
35.12367450194353,1794808098000000.0,2778341515000000.0,1624301334133555.8
35.12587908039665,1798769258000000.0,2783072801000000.0,1625981076585668.0
35.128081775424654,1802735765000000.0,2787807652000000.0,1627660631073319.5
35.1302816030089,1806705838000000.0,2792547852000000.0,1629340630065544.0
35.13247857084803,1810679476000000.0,2797289834000000.0,1631019809879740.2
35.13467268771026,1814656680000000.0,2802038946000000.0,1632700064265933.5
35.136864941625966,1818639232000000.0,2806789842000000.0,1634379501434013.5
35.13905337778738,1822623566000000.0,2811546086000000.0,1636059381768783.2
35.14123996352673,1826613249000000.0,2816305895000000.0,1637739075495669.8
35.14342372598251,1830606497000000.0,2821069269000000.0,1639418582803251.5
35.14560467321048,1834603310000000.0,2825837992000000.0,1641098532679317.8
35.1477837835313,1838605472000000.0,2830610279000000.0,1642778295944447.5
35.149959122760734,1842609416000000.0,2835386133000000.0,1644457874162284.8
35.15213263626742,1846618708000000.0,2840167334000000.0,1646137893297450.5
35.15430336276865,1850631566000000.0,2844952101000000.0,1647817727191484.5
35.15647227098838,1854649772000000.0,2849740433000000.0,1649497375680784.5
35.15863744397488,1858669760000000.0,2854532331000000.0,1651176839619788.8
35.16079985354784,1862693314000000.0,2859329576000000.0,1652856743501856.2
35.16296046211233,1866722216000000.0,2864130388000000.0,1654536463656457.0
35.16511831869452,1870754684000000.0,2868934764000000.0,1656215999217510.2
35.16727343050335,1874790717000000.0,2873744489000000.0,1657895974163458.2
35.16942675424459,1878832098000000.0,2878557779000000.0,1659575765020044.5
35.171576397569325,1882875261000000.0,2883374634000000.0,1661255372284834.8
35.173724264614705,1886923773000000.0,2888195055000000.0,1662934796804096.5
35.17586941348483,1890975850000000.0,2893020824000000.0,1664614659077264.5
35.178011851776645,1895031492000000.0,2897850158000000.0,1666294338406000.2
35.180151587580255,1899090700000000.0,2902684840000000.0,1667974454900626.5
35.182288628422604,1903153474000000.0,2907521306000000.0,1669653770514136.8
35.18442391561719,1907221595000000.0,2912363119000000.0,1671333522570928.2
35.186556518827764,1911293282000000.0,2917210280000000.0,1673013710552623.5
35.18868644498095,1915368534000000.0,2922059224000000.0,1674693099199916.0
35.19081370201721,1919447352000000.0,2926913516000000.0,1676372923708174.2
35.19293829680048,1923529735000000.0,2931771374000000.0,1678052567383857.8
35.19506116166218,1927617466000000.0,2936634579000000.0,1679732645682181.5
35.197181375031526,1931708762000000.0,2941499568000000.0,1681411927879081.8
35.19929894473601,1935803624000000.0,2946369904000000.0,1683091644325467.2
35.20141387753604,1939902051000000.0,2951245588000000.0,1684771794817450.0
35.20352618119368,1944004044000000.0,2956123056000000.0,1686451151688756.5
35.205636777654476,1948111385000000.0,2961005871000000.0,1688130941889395.5
35.207743841685435,1952220508000000.0,2965892252000000.0,1689810552683202.5
35.209849209529104,1956334980000000.0,2970783980000000.0,1691490596226835.8
35.211951972568876,1960453017000000.0,2975679275000000.0,1693170460847745.8
35.21405213791657,1964574619000000.0,2980578134000000.0,1694850145993776.2
35.216150618834845,1968701570000000.0,2985480559000000.0,1696529652524261.5
35.21824560862212,1972830303000000.0,2990388332000000.0,1698209590894174.8
35.220338923762384,1976964384000000.0,2995299671000000.0,1699889351088414.8
35.22242966609633,1981102031000000.0,3000214575000000.0,1701568932935871.8
35.22451784209652,1985243243000000.0,3005133044000000.0,1703248336908427.8
35.2266043549677,1989389803000000.0,3010056861000000.0,1704928171474940.8
35.22868741775625,1993538146000000.0,3014984244000000.0,1706607828642744.2
35.230768827505756,1997691837000000.0,3019916975000000.0,1708287915830635.8
35.232847695340304,2001849094000000.0,3024853271000000.0,1709967825414979.2
35.2349240276087,2006009916000000.0,3029793133000000.0,1711647558203631.2
35.236997831132335,2010174303000000.0,3034736560000000.0,1713327114322558.0
35.239069997855765,2014344038000000.0,3039683553000000.0,1715006494279718.2
35.241138762904754,2018515556000000.0,3044635893000000.0,1716686302643581.0
35.2432059010031,2022692422000000.0,3049591799000000.0,1718365935272699.5
35.24527053421683,2026872854000000.0,3054553053000000.0,1720045995782776.5
35.24733266825456,2031056850000000.0,3059517873000000.0,1721725880687958.2
35.24939231126156,2035244413000000.0,3064486258000000.0,1723405590110070.5
35.25145034266209,2039437323000000.0,3069458208000000.0,1725085124214957.8
35.25350589219929,2043633799000000.0,3074435506000000.0,1726765084974184.2
35.255558965984,2047833840000000.0,3079416370000000.0,1728444870882299.2
35.257609571078035,2052037447000000.0,3084400800000000.0,1730124482395602.2
35.25965771353911,2056244619000000.0,3089388794000000.0,1731803919295358.2
35.26170339988692,2060455356000000.0,3094382137000000.0,1733483782546980.2
35.26374750067435,2064671442000000.0,3099379045000000.0,1735163471648065.8
35.265789154782645,2068891093000000.0,3104381301000000.0,1736843585619603.2
35.267828368667516,2073114309000000.0,3109385340000000.0,1738522927531766.8
35.26986514923922,2077341091000000.0,3114394727000000.0,1740202694240354.5
35.27189950241664,2081571438000000.0,3119407679000000.0,1741882287824741.8
35.27393228940078,2085807133000000.0,3124425980000000.0,1743562305690761.8
35.27596180563568,2090044611000000.0,3129447846000000.0,1745242150555015.8
35.277989764891984,2094287437000000.0,3134473277000000.0,1746921822865595.8
35.280015318658045,2098533828000000.0,3139502274000000.0,1748601323115354.5
35.28203932162031,2102785568000000.0,3144536619000000.0,1750281246103635.5
35.28406008200488,2107039090000000.0,3149574529000000.0,1751960996817716.5
35.28607930019278,2111297960000000.0,3154616004000000.0,1753640575702393.5
35.28809529215723,2115558613000000.0,3159662828000000.0,1755320577062200.5
35.29010975092707,2119824614000000.0,3164711434000000.0,1756999813944716.0
35.29212183864443,2124094181000000.0,3169767172000000.0,1758680065512894.5
35.29413239824841,2128369095000000.0,3174824692000000.0,1760359553396109.8
35.29613976013213,2132645793000000.0,3179887560000000.0,1762039462221537.0
35.298145602778625,2136927838000000.0,3184953993000000.0,1763719200334221.5
35.3001490954854,2141213449000000.0,3190023992000000.0,1765398768220705.5
35.302150243850406,2145502625000000.0,3195099339000000.0,1767078756175825.0
35.30414905438099,2149795367000000.0,3200176468000000.0,1768757984253975.8
35.306145532627816,2154091674000000.0,3205260729000000.0,1770438221895159.5
35.30814051066192,2158393329000000.0,3210346772000000.0,1772117700720708.5
35.310133165086356,2162698549000000.0,3215438163000000.0,1773797598425531.8
35.31212350232305,2167007335000000.0,3220533120000000.0,1775477327001180.0
35.31411152784506,2171319686000000.0,3225631642000000.0,1777156886548689.8
35.31609724802446,2175635603000000.0,3230735512000000.0,1778836864386011.2
35.318080668288424,2179955085000000.0,3235841164000000.0,1780516087164600.5
35.320062611247366,2184279916000000.0,3240953948000000.0,1782196314156526.0
35.32204226231041,2188608311000000.0,3246068514000000.0,1783875786859867.0
35.32401962822542,2192940272000000.0,3251188429000000.0,1785555676999989.2
35.32599471434431,2197275798000000.0,3256311909000000.0,1787235399189475.5
35.327967526907784,2201614890000000.0,3261438954000000.0,1788914953852827.0
35.329938879488644,2205959330000000.0,3266571347000000.0,1790594924764059.0
35.331907966834905,2210307336000000.0,3271707306000000.0,1792274728311254.2
35.333874793773155,2214658906000000.0,3276846830000000.0,1793954364590029.8
35.33583936691683,2219014042000000.0,3281989919000000.0,1795633834021862.5
35.337801691950034,2223372744000000.0,3287138357000000.0,1797313719128638.8
35.339761774085424,2227735011000000.0,3292290360000000.0,1798993437766572.2
35.34172041776341,2232102626000000.0,3297445928000000.0,1800672990083294.5
35.34367682668279,2236473806000000.0,3302606845000000.0,1802352956948221.0
35.34563021122037,2240846769000000.0,3307771327000000.0,1804032757867081.2
35.34758296356068,2245226863000000.0,3312939374000000.0,1805712392987275.5
35.349532702672484,2249608740000000.0,3318110987000000.0,1807391862777940.8
35.35148022933594,2253994182000000.0,3323287948000000.0,1809071746167619.8
35.35342633857718,2258384972000000.0,3328468474000000.0,1810751464276274.5
35.35537024332965,2262779327000000.0,3333652565000000.0,1812431017248379.0
35.35731194952879,2267177248000000.0,3338842005000000.0,1814110983026622.5
35.35925146220461,2271578734000000.0,3344035010000000.0,1815790784038223.2
35.36118878724781,2275983786000000.0,3349231581000000.0,1817470421016742.2
35.36312471153001,2280394186000000.0,3354433499000000.0,1819150469309752.8
35.36505767518477,2284806368000000.0,3359637201000000.0,1820829778592437.2
35.36698924630066,2289223899000000.0,3364846250000000.0,1822509499105005.0
35.36891864793696,2293644995000000.0,3370060648000000.0,1824189630734735.8
35.37084666132141,2298071439000000.0,3375276828000000.0,1825869024299971.0
35.37277173899828,2302499666000000.0,3380498356000000.0,1827548828310620.5
35.37469466321447,2306931458000000.0,3385723450000000.0,1829228469704608.8
35.37661621067197,2311368598000000.0,3390953892000000.0,1830908521012187.0
35.37853561271675,2315809304000000.0,3396186116000000.0,1832587836950494.5
35.38045287418511,2320253575000000.0,3401423689000000.0,1834267562773950.8
35.38236800075658,2324701412000000.0,3406666609000000.0,1835947697353455.8
35.38428176231323,2329154596000000.0,3411911313000000.0,1837627099036804.8
35.38619263286242,2333609564000000.0,3417161364000000.0,1839306909128532.0
35.38810214588004,2338069879000000.0,3422414981000000.0,1840986557735480.0
35.390009541890315,2342533760000000.0,3427673946000000.0,1842666614282260.5
35.391914825626905,2347001206000000.0,3432936476000000.0,1844346509118850.2
35.39381876048025,2351474000000000.0,3438202572000000.0,1846026242702732.5
35.39571983406115,2355948577000000.0,3443472234000000.0,1847705815428803.2
35.39761956611068,2360428502000000.0,3448745460000000.0,1849385227055398.2
35.39951720390003,2364911993000000.0,3454024035000000.0,1851065045765475.8
35.40141199956992,2369397266000000.0,3459306175000000.0,1852744704043046.2
35.40330621571323,2373889670000000.0,3464593663000000.0,1854424768561689.5
35.40519760025338,2378383857000000.0,3469882934000000.0,1856104106699351.5
35.407086910299206,2382881609000000.0,3475177553000000.0,1857783850988221.5
35.408974897693376,2387384709000000.0,3480477520000000.0,1859464000693811.0
35.41086081817863,2391891375000000.0,3485779270000000.0,1861143425803861.5
35.41274467631002,2396401606000000.0,3491086368000000.0,1862823255986322.5
35.41462647704342,2400915402000000.0,3496397031000000.0,1864502926831931.0
35.41650696697016,2405434547000000.0,3501713042000000.0,1866183001975106.8
35.4183846667239,2409955474000000.0,3507030837000000.0,1867862355432102.5
35.420261062298685,2414481749000000.0,3512353979000000.0,1869542112781486.0
35.422135417763144,2419011590000000.0,3517680686000000.0,1871221711401414.8
35.424007737577625,2423544996000000.0,3523012742000000.0,1872901713772004.2
35.42587802701092,2428081968000000.0,3528348363000000.0,1874581557752440.0
35.427746290077245,2432622504000000.0,3533687550000000.0,1876261244040344.5
35.42961326400705,2437168389000000.0,3539030302000000.0,1877940772452180.8
35.43147821928786,2441717840000000.0,3544378402000000.0,1879620703189449.0
35.4333411603051,2446270856000000.0,3549730067000000.0,1881300476135759.0
35.43520209183735,2450827437000000.0,3555085298000000.0,1882980091985077.0
35.437061018645316,2455387583000000.0,3560444094000000.0,1884659550802585.8
35.43891794587847,2459951295000000.0,3565808238000000.0,1886339411338944.8
35.440773601727436,2464520356000000.0,3571175948000000.0,1888019115239840.2
35.4426272639409,2469092981000000.0,3576549006000000.0,1889699219848358.0
35.444478938031565,2473669172000000.0,3581923846000000.0,1891378610486013.5
35.44632862827816,2478248928000000.0,3587304035000000.0,1893058402052617.0
35.44817633975053,2482832250000000.0,3592687789000000.0,1894738037504613.0
35.45002207669422,2487419137000000.0,3598076891000000.0,1896418073060560.8
35.45186655922837,2492011372000000.0,3603469558000000.0,1898097952583817.5
35.4537090742488,2496607173000000.0,3608865791000000.0,1899777676512504.0
35.455549625963386,2501206539000000.0,3614265590000000.0,1901457245218380.8
35.45738821896504,2505809470000000.0,3619668953000000.0,1903136658450505.2
35.45922485822807,2510415967000000.0,3625077665000000.0,1904816470956419.0
35.461059547911816,2515026029000000.0,3630489942000000.0,1906496128622354.8
35.46289300059616,2519641440000000.0,3635907568000000.0,1908176184808870.0
35.46472450978248,2524260415000000.0,3641328758000000.0,1909856085680749.5
35.46655408078415,2528882956000000.0,3646751732000000.0,1911535280439099.2
35.46838171810277,2533509063000000.0,3652181836000000.0,1913215424398130.2
35.47020742582947,2538138735000000.0,3657613723000000.0,1914894863079322.0
35.47203190963818,2542773755000000.0,3663050958000000.0,1916574698839178.0
35.473853770301105,2547410557000000.0,3668491758000000.0,1918254380771313.2
35.475674413784965,2552052708000000.0,3673937907000000.0,1919934459585701.5
35.477493142926605,2556698424000000.0,3679385838000000.0,1921613835022376.0
35.479309962533456,2561347706000000.0,3684839117000000.0,1923293606697485.0
35.481125571470045,2566002336000000.0,3690295962000000.0,1924973225414903.2
35.482938583151885,2570658748000000.0,3695758155000000.0,1926653239627469.2
35.48475039079526,2575320509000000.0,3701223913000000.0,1928333100888900.8
35.48656030313146,2579985834000000.0,3706693237000000.0,1930012809627652.0
35.488367635830585,2584652943000000.0,3712166126000000.0,1931692366133603.0
35.49017446158511,2589327182000000.0,3717644363000000.0,1933372317301450.2
35.49197871634774,2594003205000000.0,3723124382000000.0,1935051569703379.0
35.49378109310209,2598682792000000.0,3728611533000000.0,1936731762940726.2
35.49558228178667,2603367728000000.0,3734100466000000.0,1938411258531179.5
35.49738159894206,2608056229000000.0,3739594748000000.0,1940091148019879.0
35.49917904883382,2612748295000000.0,3745092595000000.0,1941770885896731.8
35.500974636094206,2617443927000000.0,3750594007000000.0,1943450472516358.5
35.5027683645748,2622143124000000.0,3756100767000000.0,1945130452182843.8
35.50456091725598,2626847669000000.0,3761609310000000.0,1946809737418386.8
35.50635161753364,2631555780000000.0,3767123201000000.0,1948489415135189.0
35.50813979327048,2636265674000000.0,3772642440000000.0,1950169485119036.8
35.509926801770185,2640980915000000.0,3778165245000000.0,1951849404876980.0
35.51171197041462,2645699722000000.0,3783689832000000.0,1953528632268962.0
35.51349597570251,2650423877000000.0,3789221550000000.0,1955208792871885.8
35.51527747550791,2655149815000000.0,3794755051000000.0,1956888262276119.0
35.51705781745713,2659881100000000.0,3800293900000000.0,1958568122842608.0
35.51883633407638,2664615952000000.0,3805836314000000.0,1960247833529767.8
35.52061302834433,2669354368000000.0,3811382294000000.0,1961927394987925.2
35.522387905102846,2674096350000000.0,3816933622000000.0,1963607346835151.5
35.524160968427466,2678841898000000.0,3822488515000000.0,1965287149448094.2
35.52593288604206,2683592793000000.0,3828046974000000.0,1966966803244301.8
35.52770233275066,2688345471000000.0,3833608998000000.0,1968646308265369.2
35.52947064023336,2693103498000000.0,3839176370000000.0,1970326202856748.8
35.53123714736891,2697865089000000.0,3844747307000000.0,1972005948738613.2
35.533001858915185,2702630246000000.0,3850321810000000.0,1973685546555221.5
35.53476543743745,2707400752000000.0,3855901661000000.0,1975365532946113.0
35.5365265682631,2712173040000000.0,3861485078000000.0,1977045371335372.2
35.53828657134396,2716950676000000.0,3867072059000000.0,1978725061463202.0
35.54004413698623,2721730094000000.0,3872662607000000.0,1980404604570721.5
35.541800580857476,2726514861000000.0,3878258502000000.0,1982084535366705.2
35.543555903082456,2731304976000000.0,3883857963000000.0,1983764318678105.5
35.545308801207916,2736096874000000.0,3889460989000000.0,1985443954542835.5
35.54705993236467,2740892336000000.0,3895067580000000.0,1987123443525041.0
35.54880995092876,2745693148000000.0,3900679520000000.0,1988803319757935.8
35.55055820804369,2750497524000000.0,3906295025000000.0,1990483048943980.8
35.552304708320165,2755305466000000.0,3911914095000000.0,1992162631419357.0
35.55404945526341,2760116973000000.0,3917538514000000.0,1993842600385878.5
35.555792453091115,2764932046000000.0,3923166498000000.0,1995522422927039.2
35.55753434902304,2769752467000000.0,3928798047000000.0,1997202099153178.0
35.55927385828965,2774574670000000.0,3934433162000000.0,1998881629695081.2
35.56101227143383,2779402222000000.0,3940073624000000.0,2000561545326106.5
35.562748948166615,2784233339000000.0,3945717653000000.0,2002241315630006.2
35.56448389228696,2789068021000000.0,3951365246000000.0,2003920940045465.8
35.56621710793864,2793906269000000.0,3957016405000000.0,2005600419497897.5
35.567949235605695,2798749865000000.0,3962672912000000.0,2007280283311963.2
35.56967900416292,2803595244000000.0,3968332985000000.0,2008960002220034.5
35.57140768968856,2808445970000000.0,3973996623000000.0,2010639576254890.5
35.573134659568076,2813300262000000.0,3979665609000000.0,2012319533901310.5
35.57485991752985,2818158120000000.0,3985338160000000.0,2013999346731587.8
35.57658346693526,2823019543000000.0,3991014277000000.0,2015679015368950.2
35.578305941995524,2827886314000000.0,3996693959000000.0,2017358539624360.8
35.580026084659195,2832754868000000.0,4002378989000000.0,2019038446693674.0
35.581745157833886,2837628769000000.0,4008067585000000.0,2020718209952008.0
35.58346253539428,2842506236000000.0,4013759746000000.0,2022397829209663.5
35.58517822100176,2847387269000000.0,4019457255000000.0,2024077830536955.2
35.586892217954656,2852271867000000.0,4025156547000000.0,2025757163059559.2
35.58860515393735,2857161813000000.0,4030862970000000.0,2027437402332544.0
35.59031578376653,2862053542000000.0,4036571175000000.0,2029116973306971.2
35.592025357736134,2866950619000000.0,4042282946000000.0,2030796401598458.2
35.59373325541014,2871851261000000.0,4048000065000000.0,2032476210899567.0
35.59543948073399,2876755469000000.0,4053720749000000.0,2034155877276707.5
35.597144036944506,2881663242000000.0,4059446782000000.0,2035835924484841.8
35.59884754530219,2886576363000000.0,4065174597000000.0,2037515306051441.8
35.60054877329055,2891491267000000.0,4070907760000000.0,2039195067838127.2
35.602248958441244,2896411519000000.0,4076646271000000.0,2040875209425755.8
35.60394748661328,2901335336000000.0,4082386565000000.0,2042554687143161.2
35.605644361684746,2906262719000000.0,4088132208000000.0,2044234544637442.2
35.60733958717604,2911193668000000.0,4093881415000000.0,2045914259975653.0
35.60903316590991,2916128181000000.0,4099634188000000.0,2047593834058163.8
35.6107257124647,2921068043000000.0,4105392309000000.0,2049273786891901.2
35.61241600816616,2926009687000000.0,4111153995000000.0,2050953598228328.5
35.61410527659163,2930956680000000.0,4116919247000000.0,2052633268673819.0
35.61579291047718,2935907238000000.0,4122688064000000.0,2054312798037546.2
35.61747891328301,2940861361000000.0,4128462230000000.0,2055992705661102.0
35.619163893722174,2945820832000000.0,4134239960000000.0,2057672471962509.0
35.62084664402424,2950782086000000.0,4140021256000000.0,2059352097834999.5
35.62252837712943,2955748689000000.0,4145806118000000.0,2061031583590144.0
35.624208490518484,2960718856000000.0,4151596327000000.0,2062711446033232.8
35.6258863870697,2965690806000000.0,4157390102000000.0,2064391168617267.8
35.627563873807524,2970669888000000.0,4163187443000000.0,2066070751442001.5
35.629239149820144,2975650751000000.0,4168990131000000.0,2067750710229900.8
35.630912820701774,2980635181000000.0,4174796385000000.0,2069430529515242.2
35.63258548600537,2985624958000000.0,4180606205000000.0,2071110209396702.0
35.63425655056736,2990618301000000.0,4186419589000000.0,2072789749394522.2
35.63592601740397,2995615209000000.0,4192238322000000.0,2074469665160542.5
35.63759388985588,3000615682000000.0,4198060620000000.0,2076149441587629.0
35.63926017158547,3005619721000000.0,4203886484000000.0,2077829079270141.8
35.64092486557763,3010627325000000.0,4209717696000000.0,2079509091919638.5
35.64258856672286,3015640278000000.0,4215550690000000.0,2081188452243784.0
35.64425068477086,3020656796000000.0,4221389032000000.0,2082868187016749.8
35.64591063372568,3025675096000000.0,4227232723000000.0,2084548296325550.2
35.64757018473975,3030700527000000.0,4233078196000000.0,2086227754725320.2
35.64922757354539,3035727741000000.0,4238929018000000.0,2087907587144255.5
35.65088339269234,3040758521000000.0,4244783405000000.0,2089587281531106.8
35.652538230170784,3045794648000000.0,4250641357000000.0,2091266837982171.8
35.65419091811658,3050832558000000.0,4256504657000000.0,2092946767656261.2
35.65584262959087,3055875817000000.0,4262371523000000.0,2094626559929796.2
35.65749278176793,3060922640000000.0,4268241954000000.0,2096306214611425.5
35.659141378844126,3065973030000000.0,4274115950000000.0,2097985732000632.8
35.660789003632566,3071028767000000.0,4279995295000000.0,2099665621930319.8
35.66243449785115,3076086287000000.0,4285878205000000.0,2101345374610000.8
35.66407902458355,3081149155000000.0,4291764680000000.0,2103024990338349.2
35.66572200642452,3086215588000000.0,4297656504000000.0,2104704977897197.5
35.667362870086514,3091283804000000.0,4303551893000000.0,2106384828749148.0
35.66900334875508,3096359151000000.0,4309450847000000.0,2108064542988866.2
35.67064171555547,3101436281000000.0,4315353367000000.0,2109744120993673.0
35.672278550088215,3106516976000000.0,4321259452000000.0,2111423562976290.8
35.673914428501085,3111603019000000.0,4327170885000000.0,2113103375693204.0
35.675548779027196,3116692627000000.0,4333085884000000.0,2114783052510965.2
35.67718160510502,3121785801000000.0,4339006230000000.0,2116463099126825.0
35.6788129095213,3126882540000000.0,4344928360000000.0,2118142504742915.5
35.680442695693465,3131982845000000.0,4350855837000000.0,2119822280052623.2
35.68207096638939,3137086715000000.0,4356788663000000.0,2121502425225579.0
35.683698292443374,3142195934000000.0,4362723271000000.0,2123181930197560.2
35.685324107005854,3147308717000000.0,4368663228000000.0,2124861804528140.2
35.686947848182065,3152423283000000.0,4374606749000000.0,2126541543549434.0
35.68857065113641,3157543198000000.0,4380553837000000.0,2128221148399517.0
35.69019251552982,3162668460000000.0,4386504489000000.0,2129900618123004.5
35.6918123169057,3167795506000000.0,4392460490000000.0,2131580456452821.5
35.6934306220216,3172926116000000.0,4398420056000000.0,2133260160372602.5
35.695047995559435,3178062075000000.0,4404384970000000.0,2134940232171064.0
35.69666387736584,3183201599000000.0,4410351667000000.0,2136619667823095.5
35.698278270445755,3188344688000000.0,4416323712000000.0,2138299471050792.8
35.69989117810767,3193491343000000.0,4422299323000000.0,2139979140564034.2
35.70150260333596,3198641564000000.0,4428280281000000.0,2141659176927107.2
35.70311310500856,3203797132000000.0,4434263022000000.0,2143338579110345.0
35.704721572768285,3208954483000000.0,4440251112000000.0,2145018348402760.8
35.70632912142446,3214117182000000.0,4446242766000000.0,2146697984026334.2
35.70793519771551,3219283447000000.0,4452239769000000.0,2148377986120289.2
35.70953980427555,3224453277000000.0,4458240337000000.0,2150057854861333.8
35.71114294404106,3229626672000000.0,4464244471000000.0,2151737590812766.8
35.712745171440886,3234805416000000.0,4470252170000000.0,2153417193782960.2
35.71434538581662,3239985942000000.0,4476263434000000.0,2155096664053559.5
35.71594469158492,3245171816000000.0,4482280047000000.0,2156776499998944.0
35.717542540767305,3250361256000000.0,4488300225000000.0,2158456203279411.0
35.71913893595236,3255554261000000.0,4494325751000000.0,2160136271321314.2
35.72073388033493,3260750832000000.0,4500353059000000.0,2161815710114170.5
35.7223273764865,3265950968000000.0,4506385716000000.0,2163495513840801.5
35.72391997234451,3271156452000000.0,4512421938000000.0,2165175185497275.8
35.725510579769214,3276363718000000.0,4518463509000000.0,2166855221455722.5
35.72710029118994,3281576333000000.0,4524506862000000.0,2168534630085408.2
35.72868856408351,3286792513000000.0,4530555563000000.0,2170214402440719.8
35.73027540159464,3292012259000000.0,4536607829000000.0,2171894043314865.0
35.731860806250715,3297235570000000.0,4542665444000000.0,2173574047755144.5
35.733445320775076,3302464229000000.0,4548724841000000.0,2175253426583386.0
35.735027867630826,3307694671000000.0,4554789586000000.0,2176933168402448.0
35.73660952827076,3312930461000000.0,4560859680000000.0,2178613273107574.2
35.73818976559833,3318169816000000.0,4566931556000000.0,2180292753494443.2
35.73976858270923,3323412737000000.0,4573008780000000.0,2181972596193645.5
35.74134598208777,3328659223000000.0,4579089570000000.0,2183652308577836.8
